cardiac_neuro_cava_random:SKI|ENSG00000157933.11|EH38E2778514_fwd_tile1-1
cardiac_neuro_cava_random:SZT2|ENSG00000198198.17|EH38E1342510_fwd_tile1-1
cardiac_neuro_cava_random:ST3GAL3|ENSG00000126091.21|EH38E2807625_fwd_tile1-1
cardiac_neuro_cava_random:ST3GAL3|ENSG00000126091.21|EH38E2807674_fwd_tile1-1
cardiac_neuro_cava_random:LMNA|ENSG00000160789.24|EH38E1387585_fwd_tile1-1
cardiac_neuro_cava_random:LMNA|ENSG00000160789.24|EH38E2840484_fwd_tile1-1
cardiac_neuro_cava_random:ATP1A2|ENSG00000018625.15|EH38E2842725_fwd_tile1-1
cardiac_neuro_cava_random:ATP1A2|ENSG00000018625.15|EH38E2842782_fwd_tile1-1
cardiac_neuro_cava_random:NOS1AP|ENSG00000198929.13|EH38E1391816_fwd_tile1-1
cardiac_neuro_cava_random:NOS1AP|ENSG00000198929.13|EH38E2844319_fwd_tile1-1
cardiac_neuro_cava_random:PBX1|ENSG00000185630.20|EH38E1393050_fwd_tile1-1
cardiac_neuro_cava_random:PBX1|ENSG00000185630.20|EH38E2844953_fwd_tile1-1
cardiac_neuro_cava_random:PBX1|ENSG00000185630.20|EH38E1393122_fwd_tile1-1
cardiac_neuro_cava_random:PBX1|ENSG00000185630.20|EH38E1393171_fwd_tile1-1
cardiac_neuro_cava_random:PRRX1|ENSG00000116132.12|EH38E1396724_fwd_tile1-1
cardiac_neuro_cava_random:PRRX1|ENSG00000116132.12|EH38E1396770_fwd_tile1-1
cardiac_neuro_cava_random:DISC1|ENSG00000162946.23|EH38E2873449_fwd_tile1-1
cardiac_neuro_cava_random:ACTN2|ENSG00000077522.15|EH38E2876139_fwd_tile1-1
cardiac_neuro_cava_random:ACTN2|ENSG00000077522.15|EH38E2876145_fwd_tile1-1
cardiac_neuro_cava_random:RYR2|ENSG00000198626.18|EH38E1435434_fwd_tile1-1
cardiac_neuro_cava_random:RYR2|ENSG00000198626.18|EH38E2876360_fwd_tile1-1
cardiac_neuro_cava_random:RYR2|ENSG00000198626.18|EH38E2876422_fwd_tile1-1
cardiac_neuro_cava_random:RERE|ENSG00000142599.20|EH38E2783690_rev_tile1-1
cardiac_neuro_cava_random:RERE|ENSG00000142599.20|EH38E2783708_rev_tile1-1
cardiac_neuro_cava_random:RERE|ENSG00000142599.20|EH38E1316086_rev_tile1-1
cardiac_neuro_cava_random:RERE|ENSG00000142599.20|EH38E1316198_rev_tile1-1
cardiac_neuro_cava_random:RERE|ENSG00000142599.20|EH38E2783845_rev_tile1-1
cardiac_neuro_cava_random:RERE|ENSG00000142599.20|EH38E1316341_rev_tile1-1
cardiac_neuro_cava_random:RERE|ENSG00000142599.20|EH38E1316374_rev_tile1-1
cardiac_neuro_cava_random:RERE|ENSG00000142599.20|EH38E1316460_rev_tile1-1
cardiac_neuro_cava_random:RERE|ENSG00000142599.20|EH38E2784011_rev_tile1-1
cardiac_neuro_cava_random:RERE|ENSG00000142599.20|EH38E2784029_rev_tile1-1
cardiac_neuro_cava_random:RERE|ENSG00000142599.20|EH38E2784039_rev_tile1-1
cardiac_neuro_cava_random:RERE|ENSG00000142599.20|EH38E2784102_rev_tile1-1
cardiac_neuro_cava_random:MTOR|ENSG00000198793.14|EH38E2786139_rev_tile1-1
cardiac_neuro_cava_random:MTOR|ENSG00000198793.14|EH38E1318712_rev_tile1-1
cardiac_neuro_cava_random:MTOR|ENSG00000198793.14|EH38E2786164_rev_tile1-1
cardiac_neuro_cava_random:MTOR|ENSG00000198793.14|EH38E1318719_rev_tile1-1
cardiac_neuro_cava_random:ECE1|ENSG00000117298.16|EH38E2792849_rev_tile1-1
cardiac_neuro_cava_random:AHDC1|ENSG00000126705.15|EH38E2797946_rev_tile1-1
cardiac_neuro_cava_random:FHL3|ENSG00000183386.10|EH38E2803970_rev_tile1-1
cardiac_neuro_cava_random:FHL3|ENSG00000183386.10|EH38E2803978_rev_tile1-1
cardiac_neuro_cava_random:FHL3|ENSG00000183386.10|EH38E2804033_rev_tile1-1
cardiac_neuro_cava_random:POMGNT1|ENSG00000085998.15|EH38E2809080_rev_tile1-1
cardiac_neuro_cava_random:PARS2|ENSG00000162396.6|EH38E1349230_rev_tile1-1
cardiac_neuro_cava_random:DOCK7|ENSG00000116641.18|EH38E1354036_rev_tile1-1
cardiac_neuro_cava_random:KCNA2|ENSG00000177301.16|EH38E1375823_rev_tile1-1
cardiac_neuro_cava_random:CSDE1|ENSG00000009307.17|EH38E2832502,NRAS|ENSG00000213281.5|EH38E2832502_rev_tile1-1
cardiac_neuro_cava_random:CSDE1|ENSG00000009307.17|EH38E2832520,NRAS|ENSG00000213281.5|EH38E2832520_rev_tile1-1
cardiac_neuro_cava_random:CSDE1|ENSG00000009307.17|EH38E2832527,NRAS|ENSG00000213281.5|EH38E2832527_rev_tile1-1
cardiac_neuro_cava_random:CSDE1|ENSG00000009307.17|EH38E1378407,NRAS|ENSG00000213281.5|EH38E1378407_rev_tile1-1
cardiac_neuro_cava_random:NOTCH2|ENSG00000134250.21|EH38E2834917_rev_tile1-1
cardiac_neuro_cava_random:NOTCH2|ENSG00000134250.21|EH38E1381717_rev_tile1-1
cardiac_neuro_cava_random:NOTCH2|ENSG00000134250.21|EH38E2834936_rev_tile1-1
cardiac_neuro_cava_random:RIT1|ENSG00000143622.12|EH38E2840238_rev_tile1-1
cardiac_neuro_cava_random:RIT1|ENSG00000143622.12|EH38E2840252_rev_tile1-1
cardiac_neuro_cava_random:KCNT2|ENSG00000162687.19|EH38E2855751_rev_tile1-1
cardiac_neuro_cava_random:KCNT2|ENSG00000162687.19|EH38E2855770_rev_tile1-1
cardiac_neuro_cava_random:TNNT2|ENSG00000118194.21|EH38E2857763_rev_tile1-1
cardiac_neuro_cava_random:KDM5B|ENSG00000117139.18|EH38E2858908_rev_tile1-1
cardiac_neuro_cava_random:CHI3L1|ENSG00000133048.13|EH38E1413289_rev_tile1-1
cardiac_neuro_cava_random:CHI3L1|ENSG00000133048.13|EH38E1413343_rev_tile1-1
cardiac_neuro_cava_random:LEFTY2|ENSG00000143768.13|EH38E1427319_rev_tile1-1
cardiac_neuro_cava_random:LEFTY2|ENSG00000143768.13|EH38E2869618_rev_tile1-1
cardiac_neuro_cava_random:LEFTY2|ENSG00000143768.13|EH38E2869679_rev_tile1-1
cardiac_neuro_cava_random:NCOA1|ENSG00000084676.16|EH38E1980558_fwd_tile1-1
cardiac_neuro_cava_random:NCOA1|ENSG00000084676.16|EH38E3331030_fwd_tile1-1
cardiac_neuro_cava_random:CAD|ENSG00000084774.14|EH38E3332803_fwd_tile1-1
cardiac_neuro_cava_random:CAD|ENSG00000084774.14|EH38E3332811_fwd_tile1-1
cardiac_neuro_cava_random:STAMBP|ENSG00000124356.17|EH38E3352619_fwd_tile1-1
cardiac_neuro_cava_random:MBD5|ENSG00000204406.14|EH38E3376776_fwd_tile1-1
cardiac_neuro_cava_random:MBD5|ENSG00000204406.14|EH38E3376796_fwd_tile1-1
cardiac_neuro_cava_random:TBR1|ENSG00000136535.15|EH38E3381129_fwd_tile1-1
cardiac_neuro_cava_random:TBR1|ENSG00000136535.15|EH38E3381146_fwd_tile1-1
cardiac_neuro_cava_random:GAD1|ENSG00000128683.14|EH38E3383996_fwd_tile1-1
cardiac_neuro_cava_random:DNMT3A|ENSG00000119772.19|EH38E3331406_rev_tile1-1
cardiac_neuro_cava_random:NRXN1|ENSG00000179915.25|EH38E1997426_rev_tile1-1
cardiac_neuro_cava_random:NRXN1|ENSG00000179915.25|EH38E3343630_rev_tile1-1
cardiac_neuro_cava_random:NRXN1|ENSG00000179915.25|EH38E1997475_rev_tile1-1
cardiac_neuro_cava_random:BCL11A|ENSG00000119866.22|EH38E2001339_rev_tile1-1
cardiac_neuro_cava_random:BCL11A|ENSG00000119866.22|EH38E2001351_rev_tile1-1
cardiac_neuro_cava_random:BCL11A|ENSG00000119866.22|EH38E3346292_rev_tile1-1
cardiac_neuro_cava_random:BCL11A|ENSG00000119866.22|EH38E3346318_rev_tile1-1
cardiac_neuro_cava_random:NR4A2|ENSG00000153234.16|EH38E3379099_rev_tile1-1
cardiac_neuro_cava_random:ACVR1|ENSG00000115170.16|EH38E2043817_rev_tile1-1
cardiac_neuro_cava_random:BAZ2B|ENSG00000123636.19|EH38E3380250_rev_tile1-1
cardiac_neuro_cava_random:SCN3A|ENSG00000153253.20|EH38E2047837_rev_tile1-1
cardiac_neuro_cava_random:SCN3A|ENSG00000153253.20|EH38E2047856_rev_tile1-1
cardiac_neuro_cava_random:SCN3A|ENSG00000153253.20|EH38E3382162_rev_tile1-1
cardiac_neuro_cava_random:SCN3A|ENSG00000153253.20|EH38E3382165_rev_tile1-1
cardiac_neuro_cava_random:SLC25A12|ENSG00000115840.14|EH38E2051215_rev_tile1-1
cardiac_neuro_cava_random:TRIP12|ENSG00000153827.15|EH38E2081670_rev_tile1-1
cardiac_neuro_cava_random:TRIP12|ENSG00000153827.15|EH38E3405332_rev_tile1-1
cardiac_neuro_cava_random:HDLBP|ENSG00000115677.18|EH38E2090629_rev_tile1-1
cardiac_neuro_cava_random:SLC6A1|ENSG00000157103.13|EH38E3495303_fwd_tile1-1
cardiac_neuro_cava_random:SLC6A1|ENSG00000157103.13|EH38E3495317_fwd_tile1-1
cardiac_neuro_cava_random:TMEM43|ENSG00000170876.8|EH38E2180557_fwd_tile1-1
cardiac_neuro_cava_random:ACVR2B|ENSG00000114739.14|EH38E3506556_fwd_tile1-1
cardiac_neuro_cava_random:TRAK1|ENSG00000182606.17|EH38E2194972_fwd_tile1-1
cardiac_neuro_cava_random:TRAK1|ENSG00000182606.17|EH38E2195026_fwd_tile1-1
cardiac_neuro_cava_random:TDGF1|ENSG00000241186.10|EH38E3510532_fwd_tile1-1
cardiac_neuro_cava_random:TDGF1|ENSG00000241186.10|EH38E2198307_fwd_tile1-1
cardiac_neuro_cava_random:CACNA2D3|ENSG00000157445.15|EH38E3516090_fwd_tile1-1
cardiac_neuro_cava_random:CACNA2D3|ENSG00000157445.15|EH38E3516182_fwd_tile1-1
cardiac_neuro_cava_random:ATP6V1A|ENSG00000114573.11|EH38E2228100_fwd_tile1-1
cardiac_neuro_cava_random:ARHGAP31|ENSG00000031081.11|EH38E3533486_fwd_tile1-1
cardiac_neuro_cava_random:SATB1|ENSG00000182568.18|EH38E3499993_rev_tile1-1
cardiac_neuro_cava_random:SATB1|ENSG00000182568.18|EH38E2183610_rev_tile1-1
cardiac_neuro_cava_random:SCN5A|ENSG00000183873.18|EH38E3506641_rev_tile1-1
cardiac_neuro_cava_random:MYL3|ENSG00000160808.11|EH38E3510822_rev_tile1-1
cardiac_neuro_cava_random:TMEM115|ENSG00000126062.4|EH38E3513361_rev_tile1-1
cardiac_neuro_cava_random:TNNC1|ENSG00000114854.8|EH38E3514850_rev_tile1-1
cardiac_neuro_cava_random:FOXP1|ENSG00000114861.24|EH38E3522137_rev_tile1-1
cardiac_neuro_cava_random:FOXP1|ENSG00000114861.24|EH38E2212949_rev_tile1-1
cardiac_neuro_cava_random:FOXP1|ENSG00000114861.24|EH38E2213055_rev_tile1-1
cardiac_neuro_cava_random:FOXP1|ENSG00000114861.24|EH38E3522275_rev_tile1-1
cardiac_neuro_cava_random:FOXP1|ENSG00000114861.24|EH38E3522350_rev_tile1-1
cardiac_neuro_cava_random:FOXP1|ENSG00000114861.24|EH38E3522378_rev_tile1-1
cardiac_neuro_cava_random:FOXP1|ENSG00000114861.24|EH38E3522403_rev_tile1-1
cardiac_neuro_cava_random:FOXP1|ENSG00000114861.24|EH38E2213323_rev_tile1-1
cardiac_neuro_cava_random:FOXP1|ENSG00000114861.24|EH38E3522450_rev_tile1-1
cardiac_neuro_cava_random:ZBTB20|ENSG00000181722.18|EH38E3532278_rev_tile1-1
cardiac_neuro_cava_random:ZBTB20|ENSG00000181722.18|EH38E2228565_rev_tile1-1
cardiac_neuro_cava_random:ZBTB20|ENSG00000181722.18|EH38E3532384_rev_tile1-1
cardiac_neuro_cava_random:ZBTB20|ENSG00000181722.18|EH38E3532388_rev_tile1-1
cardiac_neuro_cava_random:ZBTB20|ENSG00000181722.18|EH38E3532423_rev_tile1-1
cardiac_neuro_cava_random:ZBTB20|ENSG00000181722.18|EH38E3532512_rev_tile1-1
cardiac_neuro_cava_random:ZNF148|ENSG00000163848.21|EH38E2234370_rev_tile1-1
cardiac_neuro_cava_random:ZNF148|ENSG00000163848.21|EH38E3536345_rev_tile1-1
cardiac_neuro_cava_random:FGF12|ENSG00000114279.15|EH38E2269630_rev_tile1-1
cardiac_neuro_cava_random:DRD5|ENSG00000169676.6|EH38E2280537_fwd_tile1-1
cardiac_neuro_cava_random:GABRB1|ENSG00000163288.14|EH38E2294898_fwd_tile1-1
cardiac_neuro_cava_random:ANK2|ENSG00000145362.21|EH38E2320863_fwd_tile1-1
cardiac_neuro_cava_random:ANK2|ENSG00000145362.21|EH38E3600503_fwd_tile1-1
cardiac_neuro_cava_random:ANK2|ENSG00000145362.21|EH38E2321158_fwd_tile1-1
cardiac_neuro_cava_random:ANK2|ENSG00000145362.21|EH38E3600629_fwd_tile1-1
cardiac_neuro_cava_random:MYOZ2|ENSG00000172399.6|EH38E3601866_fwd_tile1-1
cardiac_neuro_cava_random:FGF2|ENSG00000138685.17|EH38E2324534_fwd_tile1-1
cardiac_neuro_cava_random:FGF2|ENSG00000138685.17|EH38E3602834_fwd_tile1-1
cardiac_neuro_cava_random:GRIA2|ENSG00000120251.22|EH38E2339117_fwd_tile1-1
cardiac_neuro_cava_random:UGDH|ENSG00000109814.12|EH38E3581138_rev_tile1-1
cardiac_neuro_cava_random:WDFY3|ENSG00000163625.17|EH38E3592799_rev_tile1-1
cardiac_neuro_cava_random:WDFY3|ENSG00000163625.17|EH38E2309156_rev_tile1-1
cardiac_neuro_cava_random:WDFY3|ENSG00000163625.17|EH38E2309235_rev_tile1-1
cardiac_neuro_cava_random:WDFY3|ENSG00000163625.17|EH38E2309281_rev_tile1-1
cardiac_neuro_cava_random:PPP3CA|ENSG00000138814.17|EH38E3597260_rev_tile1-1
cardiac_neuro_cava_random:PPP3CA|ENSG00000138814.17|EH38E2315920_rev_tile1-1
cardiac_neuro_cava_random:PPP3CA|ENSG00000138814.17|EH38E3597288_rev_tile1-1
cardiac_neuro_cava_random:PPP3CA|ENSG00000138814.17|EH38E2315966_rev_tile1-1
cardiac_neuro_cava_random:TBCK|ENSG00000145348.17|EH38E3598566_rev_tile1-1
cardiac_neuro_cava_random:NR3C2|ENSG00000151623.15|EH38E2334337_rev_tile1-1
cardiac_neuro_cava_random:NR3C2|ENSG00000151623.15|EH38E2334373_rev_tile1-1
cardiac_neuro_cava_random:NR3C2|ENSG00000151623.15|EH38E2334376_rev_tile1-1
cardiac_neuro_cava_random:HAND2|ENSG00000164107.9|EH38E2344559_rev_tile1-1
cardiac_neuro_cava_random:HAND2|ENSG00000164107.9|EH38E2344626_rev_tile1-1
cardiac_neuro_cava_random:MTRR|ENSG00000124275.15|EH38E3625153_fwd_tile1-1
cardiac_neuro_cava_random:TRIO|ENSG00000038382.23|EH38E3626914_fwd_tile1-1
cardiac_neuro_cava_random:TRIO|ENSG00000038382.23|EH38E3626947_fwd_tile1-1
cardiac_neuro_cava_random:TRIO|ENSG00000038382.23|EH38E2358122_fwd_tile1-1
cardiac_neuro_cava_random:TRIO|ENSG00000038382.23|EH38E3627068_fwd_tile1-1
cardiac_neuro_cava_random:TRIO|ENSG00000038382.23|EH38E3627171_fwd_tile1-1
cardiac_neuro_cava_random:NIPBL|ENSG00000164190.19|EH38E2366394_fwd_tile1-1
cardiac_neuro_cava_random:NIPBL|ENSG00000164190.19|EH38E2366469_fwd_tile1-1
cardiac_neuro_cava_random:SLC22A5|ENSG00000197375.14|EH38E3660463_fwd_tile1-1
cardiac_neuro_cava_random:KDM3B|ENSG00000120733.14|EH38E3663917_fwd_tile1-1
cardiac_neuro_cava_random:KDM3B|ENSG00000120733.14|EH38E2412546_fwd_tile1-1
cardiac_neuro_cava_random:KDM3B|ENSG00000120733.14|EH38E3663991_fwd_tile1-1
cardiac_neuro_cava_random:NSD1|ENSG00000165671.22|EH38E3681673_fwd_tile1-1
cardiac_neuro_cava_random:NSD1|ENSG00000165671.22|EH38E2435458_fwd_tile1-1
cardiac_neuro_cava_random:MEF2C|ENSG00000081189.16|EH38E3647929_rev_tile1-1
cardiac_neuro_cava_random:MEF2C|ENSG00000081189.16|EH38E3647940_rev_tile1-1
cardiac_neuro_cava_random:MEF2C|ENSG00000081189.16|EH38E2389456_rev_tile1-1
cardiac_neuro_cava_random:MEF2C|ENSG00000081189.16|EH38E2389480_rev_tile1-1
cardiac_neuro_cava_random:PHACTR1|ENSG00000112137.19|EH38E2447050_fwd_tile1-1
cardiac_neuro_cava_random:PHACTR1|ENSG00000112137.19|EH38E3691579_fwd_tile1-1
cardiac_neuro_cava_random:PHACTR1|ENSG00000112137.19|EH38E2447174_fwd_tile1-1
cardiac_neuro_cava_random:PPP2R5D|ENSG00000112640.16|EH38E2468201,PTK7|ENSG00000112655.16|EH38E2468201_fwd_tile1-1
cardiac_neuro_cava_random:PTK7|ENSG00000112655.16|EH38E3708819_fwd_tile1-1
cardiac_neuro_cava_random:PTK7|ENSG00000112655.16|EH38E2468312_fwd_tile1-1
cardiac_neuro_cava_random:TFAP2B|ENSG00000008196.13|EH38E3711964_fwd_tile1-1
cardiac_neuro_cava_random:PHF3|ENSG00000118482.12|EH38E2476535_fwd_tile1-1
cardiac_neuro_cava_random:RIMS1|ENSG00000079841.20|EH38E3716242_fwd_tile1-1
cardiac_neuro_cava_random:GJA1|ENSG00000152661.9|EH38E3729741_fwd_tile1-1
cardiac_neuro_cava_random:TAB2|ENSG00000055208.20|EH38E3739947_fwd_tile1-1
cardiac_neuro_cava_random:ARID1B|ENSG00000049618.25|EH38E3743005_fwd_tile1-1
cardiac_neuro_cava_random:ARID1B|ENSG00000049618.25|EH38E2518397_fwd_tile1-1
cardiac_neuro_cava_random:ARID1B|ENSG00000049618.25|EH38E2518681_fwd_tile1-1
cardiac_neuro_cava_random:AUTS2|ENSG00000158321.19|EH38E3778051_fwd_tile1-1
cardiac_neuro_cava_random:AUTS2|ENSG00000158321.19|EH38E3778092_fwd_tile1-1
cardiac_neuro_cava_random:AUTS2|ENSG00000158321.19|EH38E2561431_fwd_tile1-1
cardiac_neuro_cava_random:AUTS2|ENSG00000158321.19|EH38E3778142_fwd_tile1-1
cardiac_neuro_cava_random:AUTS2|ENSG00000158321.19|EH38E3778188_fwd_tile1-1
cardiac_neuro_cava_random:AUTS2|ENSG00000158321.19|EH38E2561716_fwd_tile1-1
cardiac_neuro_cava_random:AUTS2|ENSG00000158321.19|EH38E2561818_fwd_tile1-1
cardiac_neuro_cava_random:AUTS2|ENSG00000158321.19|EH38E3778352_fwd_tile1-1
cardiac_neuro_cava_random:AUTS2|ENSG00000158321.19|EH38E2561922_fwd_tile1-1
cardiac_neuro_cava_random:AUTS2|ENSG00000158321.19|EH38E3778458_fwd_tile1-1
cardiac_neuro_cava_random:ELN|ENSG00000049540.19|EH38E3779837_fwd_tile1-1
cardiac_neuro_cava_random:GNAI1|ENSG00000127955.17|EH38E2566300_fwd_tile1-1
cardiac_neuro_cava_random:GNAI1|ENSG00000127955.17|EH38E2566315_fwd_tile1-1
cardiac_neuro_cava_random:ADAM22|ENSG00000008277.15|EH38E2569803_fwd_tile1-1
cardiac_neuro_cava_random:GATAD1|ENSG00000157259.8|EH38E3785717_fwd_tile1-1
cardiac_neuro_cava_random:CUX1|ENSG00000257923.12|EH38E3790234_fwd_tile1-1
cardiac_neuro_cava_random:CUX1|ENSG00000257923.12|EH38E3790500_fwd_tile1-1
cardiac_neuro_cava_random:CUX1|ENSG00000257923.12|EH38E3790546_fwd_tile1-1
cardiac_neuro_cava_random:CUX1|ENSG00000257923.12|EH38E3790599_fwd_tile1-1
cardiac_neuro_cava_random:KMT2E|ENSG00000005483.23|EH38E2578210_fwd_tile1-1
cardiac_neuro_cava_random:KMT2E|ENSG00000005483.23|EH38E2578265_fwd_tile1-1
cardiac_neuro_cava_random:KMT2E|ENSG00000005483.23|EH38E3791576_fwd_tile1-1
cardiac_neuro_cava_random:NOS3|ENSG00000164867.11|EH38E3808384_fwd_tile1-1
cardiac_neuro_cava_random:NOS3|ENSG00000164867.11|EH38E3808400_fwd_tile1-1
cardiac_neuro_cava_random:TBX20|ENSG00000164532.11|EH38E3767202_rev_tile1-1
cardiac_neuro_cava_random:YWHAG|ENSG00000170027.7|EH38E2564776_rev_tile1-1
cardiac_neuro_cava_random:SEMA3E|ENSG00000170381.15|EH38E3783569_rev_tile1-1
cardiac_neuro_cava_random:ACTL6B|ENSG00000077080.10|EH38E3789195,GIGYF1|ENSG00000146830.11|EH38E3789195_rev_tile1-1
cardiac_neuro_cava_random:RELN|ENSG00000189056.15|EH38E2577934_rev_tile1-1
cardiac_neuro_cava_random:BRAF|ENSG00000157764.14|EH38E3804603_rev_tile1-1
cardiac_neuro_cava_random:PRKAG2|ENSG00000106617.15|EH38E2601659_rev_tile1-1
cardiac_neuro_cava_random:PRKAG2|ENSG00000106617.15|EH38E2601834_rev_tile1-1
cardiac_neuro_cava_random:PRKAG2|ENSG00000106617.15|EH38E3809225_rev_tile1-1
cardiac_neuro_cava_random:KMT2C|ENSG00000055609.21|EH38E3809490_rev_tile1-1
cardiac_neuro_cava_random:XRCC2|ENSG00000196584.4|EH38E2602374_rev_tile1-1
cardiac_neuro_cava_random:DPYSL2|ENSG00000092964.18|EH38E3824416_fwd_tile1-1
cardiac_neuro_cava_random:DPYSL2|ENSG00000092964.18|EH38E3824423_fwd_tile1-1
cardiac_neuro_cava_random:DPYSL2|ENSG00000092964.18|EH38E3824487_fwd_tile1-1
cardiac_neuro_cava_random:DPYSL2|ENSG00000092964.18|EH38E3824514_fwd_tile1-1
cardiac_neuro_cava_random:DPYSL2|ENSG00000092964.18|EH38E3824549_fwd_tile1-1
cardiac_neuro_cava_random:CHD7|ENSG00000171316.14|EH38E3836318_fwd_tile1-1
cardiac_neuro_cava_random:CHD7|ENSG00000171316.14|EH38E3836360_fwd_tile1-1
cardiac_neuro_cava_random:VPS13B|ENSG00000132549.20|EH38E2651356_fwd_tile1-1
cardiac_neuro_cava_random:VPS13B|ENSG00000132549.20|EH38E3847660_fwd_tile1-1
cardiac_neuro_cava_random:VPS13B|ENSG00000132549.20|EH38E3847748_fwd_tile1-1
cardiac_neuro_cava_random:OXR1|ENSG00000164830.19|EH38E2655573_fwd_tile1-1
cardiac_neuro_cava_random:SNAI2|ENSG00000019549.13|EH38E2629858_rev_tile1-1
cardiac_neuro_cava_random:SNAI2|ENSG00000019549.13|EH38E2629887_rev_tile1-1
cardiac_neuro_cava_random:KCNQ3|ENSG00000184156.17|EH38E3861223_rev_tile1-1
cardiac_neuro_cava_random:KCNQ3|ENSG00000184156.17|EH38E2669222_rev_tile1-1
cardiac_neuro_cava_random:KCNQ3|ENSG00000184156.17|EH38E2669243_rev_tile1-1
cardiac_neuro_cava_random:SMARCA2|ENSG00000080503.25|EH38E3871542_fwd_tile1-1
cardiac_neuro_cava_random:SMARCA2|ENSG00000080503.25|EH38E3871545_fwd_tile1-1
cardiac_neuro_cava_random:RORB|ENSG00000198963.11|EH38E3886242_fwd_tile1-1
cardiac_neuro_cava_random:NTRK2|ENSG00000148053.18|EH38E3889610_fwd_tile1-1
cardiac_neuro_cava_random:NTRK2|ENSG00000148053.18|EH38E3889651_fwd_tile1-1
cardiac_neuro_cava_random:NTRK2|ENSG00000148053.18|EH38E2702642_fwd_tile1-1
cardiac_neuro_cava_random:NTRK2|ENSG00000148053.18|EH38E2702663_fwd_tile1-1
cardiac_neuro_cava_random:NTRK2|ENSG00000148053.18|EH38E3889710_fwd_tile1-1
cardiac_neuro_cava_random:ZNF462|ENSG00000148143.13|EH38E3899565_fwd_tile1-1
cardiac_neuro_cava_random:ZNF462|ENSG00000148143.13|EH38E2715164_fwd_tile1-1
cardiac_neuro_cava_random:ZNF462|ENSG00000148143.13|EH38E3899600_fwd_tile1-1
cardiac_neuro_cava_random:ZNF462|ENSG00000148143.13|EH38E3899604_fwd_tile1-1
cardiac_neuro_cava_random:SPTAN1|ENSG00000197694.19|EH38E2729659_fwd_tile1-1
cardiac_neuro_cava_random:ABL1|ENSG00000097007.20|EH38E2731771_fwd_tile1-1
cardiac_neuro_cava_random:RFX3|ENSG00000080298.16|EH38E3871999_rev_tile1-1
cardiac_neuro_cava_random:PAX5|ENSG00000196092.14|EH38E3882285_rev_tile1-1
cardiac_neuro_cava_random:PAX5|ENSG00000196092.14|EH38E2692832_rev_tile1-1
cardiac_neuro_cava_random:ROR2|ENSG00000169071.15|EH38E3893175_rev_tile1-1
cardiac_neuro_cava_random:GABBR2|ENSG00000136928.7|EH38E2711516_rev_tile1-1
cardiac_neuro_cava_random:GABBR2|ENSG00000136928.7|EH38E2711550_rev_tile1-1
cardiac_neuro_cava_random:GABBR2|ENSG00000136928.7|EH38E2711624_rev_tile1-1
cardiac_neuro_cava_random:KLF4|ENSG00000136826.15|EH38E3899815_rev_tile1-1
cardiac_neuro_cava_random:KLF4|ENSG00000136826.15|EH38E3899843_rev_tile1-1
cardiac_neuro_cava_random:KLF4|ENSG00000136826.15|EH38E3899851_rev_tile1-1
cardiac_neuro_cava_random:TSC1|ENSG00000165699.15|EH38E3915344_rev_tile1-1
cardiac_neuro_cava_random:TSC1|ENSG00000165699.15|EH38E3915392_rev_tile1-1
cardiac_neuro_cava_random:CELF2|ENSG00000048740.19|EH38E2885643_fwd_tile1-1
cardiac_neuro_cava_random:CELF2|ENSG00000048740.19|EH38E1447851_fwd_tile1-1
cardiac_neuro_cava_random:WAC|ENSG00000095787.25|EH38E2892861_fwd_tile1-1
cardiac_neuro_cava_random:VCL|ENSG00000035403.18|EH38E2908809_fwd_tile1-1
cardiac_neuro_cava_random:VCL|ENSG00000035403.18|EH38E1478776_fwd_tile1-1
cardiac_neuro_cava_random:PTEN|ENSG00000171862.13|EH38E1486044_fwd_tile1-1
cardiac_neuro_cava_random:RBM20|ENSG00000203867.8|EH38E2924607_fwd_tile1-1
cardiac_neuro_cava_random:RBM20|ENSG00000203867.8|EH38E1499089_fwd_tile1-1
cardiac_neuro_cava_random:RBM20|ENSG00000203867.8|EH38E2924690_fwd_tile1-1
cardiac_neuro_cava_random:TCF7L2|ENSG00000148737.18|EH38E2925643_fwd_tile1-1
cardiac_neuro_cava_random:TCF7L2|ENSG00000148737.18|EH38E1500561_fwd_tile1-1
cardiac_neuro_cava_random:BAG3|ENSG00000151929.10|EH38E2928864_fwd_tile1-1
cardiac_neuro_cava_random:NEBL|ENSG00000078114.19|EH38E2889876_rev_tile1-1
cardiac_neuro_cava_random:NEBL|ENSG00000078114.19|EH38E2889889_rev_tile1-1
cardiac_neuro_cava_random:NEBL|ENSG00000078114.19|EH38E2889958_rev_tile1-1
cardiac_neuro_cava_random:MKX|ENSG00000150051.14|EH38E2892514_rev_tile1-1
cardiac_neuro_cava_random:ANK3|ENSG00000151150.22|EH38E2902488_rev_tile1-1
cardiac_neuro_cava_random:ANK3|ENSG00000151150.22|EH38E2902534_rev_tile1-1
cardiac_neuro_cava_random:ANK3|ENSG00000151150.22|EH38E1470934_rev_tile1-1
cardiac_neuro_cava_random:ANK3|ENSG00000151150.22|EH38E1470946_rev_tile1-1
cardiac_neuro_cava_random:ANK3|ENSG00000151150.22|EH38E2902780_rev_tile1-1
cardiac_neuro_cava_random:CTNNA3|ENSG00000183230.18|EH38E1474159_rev_tile1-1
cardiac_neuro_cava_random:NODAL|ENSG00000156574.10|EH38E1475899_rev_tile1-1
cardiac_neuro_cava_random:ANKRD1|ENSG00000148677.7|EH38E2915950_rev_tile1-1
cardiac_neuro_cava_random:ANKRD1|ENSG00000148677.7|EH38E1487892_rev_tile1-1
cardiac_neuro_cava_random:LDB1|ENSG00000198728.11|EH38E2921227_rev_tile1-1
cardiac_neuro_cava_random:EBF3|ENSG00000108001.16|EH38E1511163_rev_tile1-1
cardiac_neuro_cava_random:EBF3|ENSG00000108001.16|EH38E1511166_rev_tile1-1
cardiac_neuro_cava_random:ILK|ENSG00000166333.14|EH38E2942385_fwd_tile1-1
cardiac_neuro_cava_random:CAPRIN1|ENSG00000135387.21|EH38E2952399_fwd_tile1-1
cardiac_neuro_cava_random:CAPRIN1|ENSG00000135387.21|EH38E2952400_fwd_tile1-1
cardiac_neuro_cava_random:CAPRIN1|ENSG00000135387.21|EH38E2952423_fwd_tile1-1
cardiac_neuro_cava_random:PACS1|ENSG00000175115.13|EH38E1545867_fwd_tile1-1
cardiac_neuro_cava_random:PACS1|ENSG00000175115.13|EH38E2965283_fwd_tile1-1
cardiac_neuro_cava_random:PACS1|ENSG00000175115.13|EH38E2965317_fwd_tile1-1
cardiac_neuro_cava_random:PACS1|ENSG00000175115.13|EH38E2965354_fwd_tile1-1
cardiac_neuro_cava_random:KMT2A|ENSG00000118058.24|EH38E2987968_fwd_tile1-1
cardiac_neuro_cava_random:KMT2A|ENSG00000118058.24|EH38E2987998_fwd_tile1-1
cardiac_neuro_cava_random:KMT2A|ENSG00000118058.24|EH38E1574206_fwd_tile1-1
cardiac_neuro_cava_random:KMT2A|ENSG00000118058.24|EH38E2988032_fwd_tile1-1
cardiac_neuro_cava_random:CBL|ENSG00000110395.8|EH38E2988710_fwd_tile1-1
cardiac_neuro_cava_random:DEAF1|ENSG00000177030.19|EH38E2937860_rev_tile1-1
cardiac_neuro_cava_random:DENND5A|ENSG00000184014.9|EH38E2943534_rev_tile1-1
cardiac_neuro_cava_random:DENND5A|ENSG00000184014.9|EH38E1518986_rev_tile1-1
cardiac_neuro_cava_random:DENND5A|ENSG00000184014.9|EH38E2943551_rev_tile1-1
cardiac_neuro_cava_random:DENND5A|ENSG00000184014.9|EH38E1519020_rev_tile1-1
cardiac_neuro_cava_random:DENND5A|ENSG00000184014.9|EH38E2943570_rev_tile1-1
cardiac_neuro_cava_random:CSRP3|ENSG00000129170.10|EH38E1525604_rev_tile1-1
cardiac_neuro_cava_random:SLC1A2|ENSG00000110436.13|EH38E2953196_rev_tile1-1
cardiac_neuro_cava_random:SLC1A2|ENSG00000110436.13|EH38E1532757_rev_tile1-1
cardiac_neuro_cava_random:SLC1A2|ENSG00000110436.13|EH38E2953323_rev_tile1-1
cardiac_neuro_cava_random:LRRC4C|ENSG00000148948.8|EH38E1534500_rev_tile1-1
cardiac_neuro_cava_random:LRRC4C|ENSG00000148948.8|EH38E2954483_rev_tile1-1
cardiac_neuro_cava_random:LRRC4C|ENSG00000148948.8|EH38E1534714_rev_tile1-1
cardiac_neuro_cava_random:LRRC4C|ENSG00000148948.8|EH38E2954613_rev_tile1-1
cardiac_neuro_cava_random:LRRC4C|ENSG00000148948.8|EH38E1534750_rev_tile1-1
cardiac_neuro_cava_random:PHF21A|ENSG00000135365.17|EH38E2956536_rev_tile1-1
cardiac_neuro_cava_random:PHF21A|ENSG00000135365.17|EH38E1537063_rev_tile1-1
cardiac_neuro_cava_random:PHF21A|ENSG00000135365.17|EH38E2956539_rev_tile1-1
cardiac_neuro_cava_random:PHF21A|ENSG00000135365.17|EH38E1537133_rev_tile1-1
cardiac_neuro_cava_random:NRXN2|ENSG00000110076.21|EH38E2963344_rev_tile1-1
cardiac_neuro_cava_random:NRXN2|ENSG00000110076.21|EH38E1544346_rev_tile1-1
cardiac_neuro_cava_random:KMT5B|ENSG00000110066.16|EH38E2967379_rev_tile1-1
cardiac_neuro_cava_random:SHANK2|ENSG00000162105.21|EH38E2970035_rev_tile1-1
cardiac_neuro_cava_random:SHANK2|ENSG00000162105.21|EH38E2970227_rev_tile1-1
cardiac_neuro_cava_random:SHANK2|ENSG00000162105.21|EH38E2970231_rev_tile1-1
cardiac_neuro_cava_random:DHCR7|ENSG00000172893.18|EH38E1550116_rev_tile1-1
cardiac_neuro_cava_random:CACNA1C|ENSG00000151067.23|EH38E1586851_fwd_tile1-1
cardiac_neuro_cava_random:CACNA1C|ENSG00000151067.23|EH38E2998501_fwd_tile1-1
cardiac_neuro_cava_random:CACNA1C|ENSG00000151067.23|EH38E2998636_fwd_tile1-1
cardiac_neuro_cava_random:CACNA1C|ENSG00000151067.23|EH38E1587264_fwd_tile1-1
cardiac_neuro_cava_random:CUX2|ENSG00000111249.14|EH38E3041052_fwd_tile1-1
cardiac_neuro_cava_random:PTPN11|ENSG00000179295.19|EH38E3041811_fwd_tile1-1
cardiac_neuro_cava_random:PTPN11|ENSG00000179295.19|EH38E1645193_fwd_tile1-1
cardiac_neuro_cava_random:PTPN11|ENSG00000179295.19|EH38E3041854_fwd_tile1-1
cardiac_neuro_cava_random:HNF1A|ENSG00000135100.19|EH38E3046223_fwd_tile1-1
cardiac_neuro_cava_random:ABCC9|ENSG00000069431.14|EH38E3006823_rev_tile1-1
cardiac_neuro_cava_random:ABCC9|ENSG00000069431.14|EH38E1598048_rev_tile1-1
cardiac_neuro_cava_random:ABCC9|ENSG00000069431.14|EH38E3006865_rev_tile1-1
cardiac_neuro_cava_random:SOX5|ENSG00000134532.20|EH38E3007298_rev_tile1-1
cardiac_neuro_cava_random:SOX5|ENSG00000134532.20|EH38E1598797_rev_tile1-1
cardiac_neuro_cava_random:SOX5|ENSG00000134532.20|EH38E3007323_rev_tile1-1
cardiac_neuro_cava_random:SOX5|ENSG00000134532.20|EH38E1598827_rev_tile1-1
cardiac_neuro_cava_random:SOX5|ENSG00000134532.20|EH38E3007404_rev_tile1-1
cardiac_neuro_cava_random:SOX5|ENSG00000134532.20|EH38E3007405_rev_tile1-1
cardiac_neuro_cava_random:SOX5|ENSG00000134532.20|EH38E3007479_rev_tile1-1
cardiac_neuro_cava_random:SMARCC2|ENSG00000139613.12|EH38E3020367_rev_tile1-1
cardiac_neuro_cava_random:PAH|ENSG00000171759.10|EH38E3036623_rev_tile1-1
cardiac_neuro_cava_random:HECTD4|ENSG00000173064.14|EH38E3041674_rev_tile1-1
cardiac_neuro_cava_random:HECTD4|ENSG00000173064.14|EH38E1644970_rev_tile1-1
cardiac_neuro_cava_random:HECTD4|ENSG00000173064.14|EH38E1644989_rev_tile1-1
cardiac_neuro_cava_random:HECTD4|ENSG00000173064.14|EH38E3041713_rev_tile1-1
cardiac_neuro_cava_random:HECTD4|ENSG00000173064.14|EH38E3041736_rev_tile1-1
cardiac_neuro_cava_random:HECTD4|ENSG00000173064.14|EH38E3041758_rev_tile1-1
cardiac_neuro_cava_random:HECTD4|ENSG00000173064.14|EH38E3041764_rev_tile1-1
cardiac_neuro_cava_random:HECTD4|ENSG00000173064.14|EH38E3041811_rev_tile1-1
cardiac_neuro_cava_random:MED13L|ENSG00000123066.9|EH38E1647206_rev_tile1-1
cardiac_neuro_cava_random:MED13L|ENSG00000123066.9|EH38E1647300_rev_tile1-1
cardiac_neuro_cava_random:MED13L|ENSG00000123066.9|EH38E1647326_rev_tile1-1
cardiac_neuro_cava_random:NBEA|ENSG00000172915.20|EH38E1667376_fwd_tile1-1
cardiac_neuro_cava_random:NBEA|ENSG00000172915.20|EH38E1667460_fwd_tile1-1
cardiac_neuro_cava_random:NBEA|ENSG00000172915.20|EH38E3060563_fwd_tile1-1
cardiac_neuro_cava_random:NBEA|ENSG00000172915.20|EH38E1667596_fwd_tile1-1
cardiac_neuro_cava_random:NBEA|ENSG00000172915.20|EH38E1667617_fwd_tile1-1
cardiac_neuro_cava_random:FOXG1|ENSG00000176165.12|EH38E1705193_fwd_tile1-1
cardiac_neuro_cava_random:RAD51B|ENSG00000182185.19|EH38E1723260_fwd_tile1-1
cardiac_neuro_cava_random:RAD51B|ENSG00000182185.19|EH38E3101359_fwd_tile1-1
cardiac_neuro_cava_random:RAD51B|ENSG00000182185.19|EH38E1723682_fwd_tile1-1
cardiac_neuro_cava_random:NRXN3|ENSG00000021645.20|EH38E1730554_fwd_tile1-1
cardiac_neuro_cava_random:NRXN3|ENSG00000021645.20|EH38E1730664_fwd_tile1-1
cardiac_neuro_cava_random:NRXN3|ENSG00000021645.20|EH38E3107100_fwd_tile1-1
cardiac_neuro_cava_random:YY1|ENSG00000100811.15|EH38E1742191_fwd_tile1-1
cardiac_neuro_cava_random:DYNC1H1|ENSG00000197102.14|EH38E1743576_fwd_tile1-1
cardiac_neuro_cava_random:DYNC1H1|ENSG00000197102.14|EH38E1743644_fwd_tile1-1
cardiac_neuro_cava_random:DYNC1H1|ENSG00000197102.14|EH38E1743669_fwd_tile1-1
cardiac_neuro_cava_random:DYNC1H1|ENSG00000197102.14|EH38E3117752_fwd_tile1-1
cardiac_neuro_cava_random:PACS2|ENSG00000179364.15|EH38E1746650_fwd_tile1-1
cardiac_neuro_cava_random:PACS2|ENSG00000179364.15|EH38E3121432_fwd_tile1-1
cardiac_neuro_cava_random:CHD8|ENSG00000100888.15|EH38E3085797_rev_tile1-1
cardiac_neuro_cava_random:TGFB3|ENSG00000119699.8|EH38E1729183_rev_tile1-1
cardiac_neuro_cava_random:DICER1|ENSG00000100697.17|EH38E3113310_rev_tile1-1
cardiac_neuro_cava_random:DICER1|ENSG00000100697.17|EH38E1738756_rev_tile1-1
cardiac_neuro_cava_random:DICER1|ENSG00000100697.17|EH38E1738763_rev_tile1-1
cardiac_neuro_cava_random:PIGB|ENSG00000069943.10|EH38E3135208_fwd_tile1-1
cardiac_neuro_cava_random:TPM1|ENSG00000140416.24|EH38E1768697_fwd_tile1-1
cardiac_neuro_cava_random:SMAD3|ENSG00000166949.17|EH38E3141432_fwd_tile1-1
cardiac_neuro_cava_random:SMAD3|ENSG00000166949.17|EH38E3141589_fwd_tile1-1
cardiac_neuro_cava_random:ALPK3|ENSG00000136383.7|EH38E3151591_fwd_tile1-1
cardiac_neuro_cava_random:NR2F2|ENSG00000185551.15|EH38E1790910_fwd_tile1-1
cardiac_neuro_cava_random:ACTC1|ENSG00000159251.8|EH38E3127094_rev_tile1-1
cardiac_neuro_cava_random:ACTC1|ENSG00000159251.8|EH38E3127097_rev_tile1-1
cardiac_neuro_cava_random:MEIS2|ENSG00000134138.22|EH38E3127790_rev_tile1-1
cardiac_neuro_cava_random:MEIS2|ENSG00000134138.22|EH38E1753713_rev_tile1-1
cardiac_neuro_cava_random:FBN1|ENSG00000166147.15|EH38E3132762_rev_tile1-1
cardiac_neuro_cava_random:FBN1|ENSG00000166147.15|EH38E1760128_rev_tile1-1
cardiac_neuro_cava_random:FBN1|ENSG00000166147.15|EH38E1760184_rev_tile1-1
cardiac_neuro_cava_random:FBN1|ENSG00000166147.15|EH38E3132839_rev_tile1-1
cardiac_neuro_cava_random:SIN3A|ENSG00000169375.17|EH38E1778476_rev_tile1-1
cardiac_neuro_cava_random:SIN3A|ENSG00000169375.17|EH38E3146816_rev_tile1-1
cardiac_neuro_cava_random:AP3B2|ENSG00000103723.17|EH38E3150740_rev_tile1-1
cardiac_neuro_cava_random:SRCAP|ENSG00000080603.17|EH38E3177095_fwd_tile1-1
cardiac_neuro_cava_random:SRCAP|ENSG00000080603.17|EH38E3177100_fwd_tile1-1
cardiac_neuro_cava_random:SRCAP|ENSG00000080603.17|EH38E3177141_fwd_tile1-1
cardiac_neuro_cava_random:SETD1A|ENSG00000099381.19|EH38E3177406_fwd_tile1-1
cardiac_neuro_cava_random:FTO|ENSG00000140718.21|EH38E3181160_fwd_tile1-1
cardiac_neuro_cava_random:FTO|ENSG00000140718.21|EH38E1816632_fwd_tile1-1
cardiac_neuro_cava_random:FTO|ENSG00000140718.21|EH38E3181415_fwd_tile1-1
cardiac_neuro_cava_random:GNAO1|ENSG00000087258.16|EH38E3182181_fwd_tile1-1
cardiac_neuro_cava_random:CTCF|ENSG00000102974.16|EH38E3186883_fwd_tile1-1
cardiac_neuro_cava_random:WWOX|ENSG00000186153.18|EH38E3192110_fwd_tile1-1
cardiac_neuro_cava_random:WWOX|ENSG00000186153.18|EH38E1829426_fwd_tile1-1
cardiac_neuro_cava_random:WWOX|ENSG00000186153.18|EH38E3192528_fwd_tile1-1
cardiac_neuro_cava_random:CREBBP|ENSG00000005339.15|EH38E3164618_rev_tile1-1
cardiac_neuro_cava_random:CREBBP|ENSG00000005339.15|EH38E3164686_rev_tile1-1
cardiac_neuro_cava_random:IRX3|ENSG00000177508.12|EH38E1816805_rev_tile1-1
cardiac_neuro_cava_random:GOT2|ENSG00000125166.13|EH38E1819877_rev_tile1-1
cardiac_neuro_cava_random:B3GNT9|ENSG00000237172.4|EH38E1822629_rev_tile1-1
cardiac_neuro_cava_random:AARS1|ENSG00000090861.17|EH38E1825144_rev_tile1-1
cardiac_neuro_cava_random:ANKRD11|ENSG00000167522.17|EH38E1838050_rev_tile1-1
cardiac_neuro_cava_random:ANKRD11|ENSG00000167522.17|EH38E3200702_rev_tile1-1
cardiac_neuro_cava_random:ANKRD11|ENSG00000167522.17|EH38E1838095_rev_tile1-1
cardiac_neuro_cava_random:ANKRD11|ENSG00000167522.17|EH38E1838135_rev_tile1-1
cardiac_neuro_cava_random:CHD3|ENSG00000170004.19|EH38E3207432,KDM6B|ENSG00000132510.11|EH38E3207432_fwd_tile1-1
cardiac_neuro_cava_random:CHD3|ENSG00000170004.19|EH38E3207454_fwd_tile1-1
cardiac_neuro_cava_random:CHD3|ENSG00000170004.19|EH38E1844794_fwd_tile1-1
cardiac_neuro_cava_random:CHD3|ENSG00000170004.19|EH38E3207464_fwd_tile1-1
cardiac_neuro_cava_random:CHD3|ENSG00000170004.19|EH38E3207503_fwd_tile1-1
cardiac_neuro_cava_random:RAI1|ENSG00000108557.20|EH38E3212053_fwd_tile1-1
cardiac_neuro_cava_random:RAI1|ENSG00000108557.20|EH38E3212073_fwd_tile1-1
cardiac_neuro_cava_random:RAI1|ENSG00000108557.20|EH38E3212163_fwd_tile1-1
cardiac_neuro_cava_random:NF1|ENSG00000196712.20|EH38E3217486_fwd_tile1-1
cardiac_neuro_cava_random:ATP6V0A1|ENSG00000033627.18|EH38E3224138_fwd_tile1-1
cardiac_neuro_cava_random:NSF|ENSG00000073969.19|EH38E1866683_fwd_tile1-1
cardiac_neuro_cava_random:NSF|ENSG00000073969.19|EH38E3227209_fwd_tile1-1
cardiac_neuro_cava_random:NSF|ENSG00000073969.19|EH38E1866766_fwd_tile1-1
cardiac_neuro_cava_random:TLK2|ENSG00000146872.19|EH38E1876708_fwd_tile1-1
cardiac_neuro_cava_random:TANC2|ENSG00000170921.16|EH38E3236215_fwd_tile1-1
cardiac_neuro_cava_random:TANC2|ENSG00000170921.16|EH38E1877231_fwd_tile1-1
cardiac_neuro_cava_random:TANC2|ENSG00000170921.16|EH38E1877377_fwd_tile1-1
cardiac_neuro_cava_random:DLG4|ENSG00000132535.22|EH38E3206741_rev_tile1-1
cardiac_neuro_cava_random:SREBF1|ENSG00000072310.18|EH38E3212286_rev_tile1-1
cardiac_neuro_cava_random:PIGS|ENSG00000087111.22|EH38E3215627_rev_tile1-1
cardiac_neuro_cava_random:PIGS|ENSG00000087111.22|EH38E3215741_rev_tile1-1
cardiac_neuro_cava_random:PHF12|ENSG00000109118.14|EH38E1854405_rev_tile1-1
cardiac_neuro_cava_random:PHF12|ENSG00000109118.14|EH38E1854463_rev_tile1-1
cardiac_neuro_cava_random:KANSL1|ENSG00000120071.15|EH38E3227069_rev_tile1-1
cardiac_neuro_cava_random:MED13|ENSG00000108510.10|EH38E1876609_rev_tile1-1
cardiac_neuro_cava_random:GATA6|ENSG00000141448.11|EH38E1903113_fwd_tile1-1
cardiac_neuro_cava_random:TTR|ENSG00000118271.12|EH38E1907603_fwd_tile1-1
cardiac_neuro_cava_random:TTR|ENSG00000118271.12|EH38E1907606_fwd_tile1-1
cardiac_neuro_cava_random:ASXL3|ENSG00000141431.14|EH38E3262949_fwd_tile1-1
cardiac_neuro_cava_random:DTNA|ENSG00000134769.23|EH38E1908681_fwd_tile1-1
cardiac_neuro_cava_random:DTNA|ENSG00000134769.23|EH38E1908878_fwd_tile1-1
cardiac_neuro_cava_random:DTNA|ENSG00000134769.23|EH38E3263256_fwd_tile1-1
cardiac_neuro_cava_random:DTNA|ENSG00000134769.23|EH38E3263259_fwd_tile1-1
cardiac_neuro_cava_random:DTNA|ENSG00000134769.23|EH38E3263271_fwd_tile1-1
cardiac_neuro_cava_random:DTNA|ENSG00000134769.23|EH38E1908930_fwd_tile1-1
cardiac_neuro_cava_random:SETBP1|ENSG00000152217.20|EH38E3265854_fwd_tile1-1
cardiac_neuro_cava_random:KATNAL2|ENSG00000167216.19|EH38E3266933_fwd_tile1-1
cardiac_neuro_cava_random:SMAD4|ENSG00000141646.15|EH38E3269117_fwd_tile1-1
cardiac_neuro_cava_random:MALT1|ENSG00000172175.16|EH38E3271534_fwd_tile1-1
cardiac_neuro_cava_random:MYOM1|ENSG00000101605.14|EH38E1895721_rev_tile1-1
cardiac_neuro_cava_random:MYOM1|ENSG00000101605.14|EH38E3254070_rev_tile1-1
cardiac_neuro_cava_random:CDH2|ENSG00000170558.10|EH38E1906541_rev_tile1-1
cardiac_neuro_cava_random:CDH2|ENSG00000170558.10|EH38E3261826_rev_tile1-1
cardiac_neuro_cava_random:CDH2|ENSG00000170558.10|EH38E1906620_rev_tile1-1
cardiac_neuro_cava_random:CDH2|ENSG00000170558.10|EH38E3261845_rev_tile1-1
cardiac_neuro_cava_random:CDH2|ENSG00000170558.10|EH38E3261846_rev_tile1-1
cardiac_neuro_cava_random:DSC2|ENSG00000134755.18|EH38E3262289_rev_tile1-1
cardiac_neuro_cava_random:CELF4|ENSG00000101489.20|EH38E3264394_rev_tile1-1
cardiac_neuro_cava_random:CELF4|ENSG00000101489.20|EH38E1910468_rev_tile1-1
cardiac_neuro_cava_random:CELF4|ENSG00000101489.20|EH38E1910528_rev_tile1-1
cardiac_neuro_cava_random:SMAD2|ENSG00000175387.16|EH38E3267176_rev_tile1-1
cardiac_neuro_cava_random:TCF4|ENSG00000196628.20|EH38E1918223_rev_tile1-1
cardiac_neuro_cava_random:TCF4|ENSG00000196628.20|EH38E1918287_rev_tile1-1
cardiac_neuro_cava_random:TCF4|ENSG00000196628.20|EH38E1918320_rev_tile1-1
cardiac_neuro_cava_random:TCF4|ENSG00000196628.20|EH38E3270123_rev_tile1-1
cardiac_neuro_cava_random:TCF4|ENSG00000196628.20|EH38E1918401_rev_tile1-1
cardiac_neuro_cava_random:TCF4|ENSG00000196628.20|EH38E3270150_rev_tile1-1
cardiac_neuro_cava_random:TCF4|ENSG00000196628.20|EH38E1918509_rev_tile1-1
cardiac_neuro_cava_random:TCF4|ENSG00000196628.20|EH38E1918600_rev_tile1-1
cardiac_neuro_cava_random:PPP5C|ENSG00000011485.15|EH38E1958313_fwd_tile1-1
cardiac_neuro_cava_random:GRIN2D|ENSG00000105464.4|EH38E3312183_fwd_tile1-1
cardiac_neuro_cava_random:PRR12|ENSG00000126464.15|EH38E3313575_fwd_tile1-1
cardiac_neuro_cava_random:ELAVL3|ENSG00000196361.10|EH38E1939274_rev_tile1-1
cardiac_neuro_cava_random:CALR3|ENSG00000269058.6|EH38E3294269_rev_tile1-1
cardiac_neuro_cava_random:CALR3|ENSG00000269058.6|EH38E3294299_rev_tile1-1
cardiac_neuro_cava_random:TSHZ3|ENSG00000121297.8|EH38E1948597_rev_tile1-1
cardiac_neuro_cava_random:TSHZ3|ENSG00000121297.8|EH38E1948634_rev_tile1-1
cardiac_neuro_cava_random:TSHZ3|ENSG00000121297.8|EH38E3300425_rev_tile1-1
cardiac_neuro_cava_random:ATP1A3|ENSG00000105409.19|EH38E3307328_rev_tile1-1
cardiac_neuro_cava_random:DMPK|ENSG00000104936.20|EH38E1957759_rev_tile1-1
cardiac_neuro_cava_random:PNKP|ENSG00000039650.12|EH38E3313767_rev_tile1-1
cardiac_neuro_cava_random:PNKP|ENSG00000039650.12|EH38E3313865_rev_tile1-1
cardiac_neuro_cava_random:ITPA|ENSG00000125877.13|EH38E3416783_fwd_tile1-1
cardiac_neuro_cava_random:ITPA|ENSG00000125877.13|EH38E3416784_fwd_tile1-1
cardiac_neuro_cava_random:ITPA|ENSG00000125877.13|EH38E3416845_fwd_tile1-1
cardiac_neuro_cava_random:PLCB1|ENSG00000182621.18|EH38E3418940_fwd_tile1-1
cardiac_neuro_cava_random:PLCB1|ENSG00000182621.18|EH38E3418955_fwd_tile1-1
cardiac_neuro_cava_random:PLCB1|ENSG00000182621.18|EH38E3419106_fwd_tile1-1
cardiac_neuro_cava_random:PLCB1|ENSG00000182621.18|EH38E2096594_fwd_tile1-1
cardiac_neuro_cava_random:MYLK2|ENSG00000101306.11|EH38E2106429_fwd_tile1-1
cardiac_neuro_cava_random:SLC12A5|ENSG00000124140.15|EH38E3435308_fwd_tile1-1
cardiac_neuro_cava_random:CSNK2A1|ENSG00000101266.19|EH38E3415126_rev_tile1-1
cardiac_neuro_cava_random:JAG1|ENSG00000101384.12|EH38E2097577_rev_tile1-1
cardiac_neuro_cava_random:MAFB|ENSG00000204103.4|EH38E2112700_rev_tile1-1
cardiac_neuro_cava_random:MAFB|ENSG00000204103.4|EH38E2112755_rev_tile1-1
cardiac_neuro_cava_random:JPH2|ENSG00000149596.7|EH38E3434046_rev_tile1-1
cardiac_neuro_cava_random:ZMYND8|ENSG00000101040.20|EH38E3436172_rev_tile1-1
cardiac_neuro_cava_random:ZMYND8|ENSG00000101040.20|EH38E3436270_rev_tile1-1
cardiac_neuro_cava_random:ADNP|ENSG00000101126.18|EH38E3439843_rev_tile1-1
cardiac_neuro_cava_random:DIP2A|ENSG00000160305.18|EH38E3465198_fwd_tile1-1
cardiac_neuro_cava_random:SYNJ1|ENSG00000159082.18|EH38E2137529_rev_tile1-1
cardiac_neuro_cava_random:DSCAM|ENSG00000171587.15|EH38E3459388_rev_tile1-1
cardiac_neuro_cava_random:DSCAM|ENSG00000171587.15|EH38E3459413_rev_tile1-1
cardiac_neuro_cava_random:COMT|ENSG00000093010.15|EH38E2150210_fwd_tile1-1
cardiac_neuro_cava_random:LZTR1|ENSG00000099949.22|EH38E3469020_fwd_tile1-1
cardiac_neuro_cava_random:TNRC6B|ENSG00000100354.21|EH38E2165333_fwd_tile1-1
cardiac_neuro_cava_random:TNRC6B|ENSG00000100354.21|EH38E2165392_fwd_tile1-1
cardiac_neuro_cava_random:ADSL|ENSG00000239900.14|EH38E3482778,TNRC6B|ENSG00000100354.21|EH38E3482778_fwd_tile1-1
cardiac_neuro_cava_random:ADSL|ENSG00000239900.14|EH38E3482797_fwd_tile1-1
cardiac_neuro_cava_random:EP300|ENSG00000100393.15|EH38E2166110_fwd_tile1-1
cardiac_neuro_cava_random:HDHD5|ENSG00000069998.12|EH38E3465818_rev_tile1-1
cardiac_neuro_cava_random:APOL2|ENSG00000128335.14|EH38E2161627_rev_tile1-1
cardiac_neuro_cava_random:MSL3|ENSG00000005302.19|EH38E2742508_fwd_tile1-1
cardiac_neuro_cava_random:MSL3|ENSG00000005302.19|EH38E3925302_fwd_tile1-1
cardiac_neuro_cava_random:USP9X|ENSG00000124486.15|EH38E2751317_fwd_tile1-1
cardiac_neuro_cava_random:DDX3X|ENSG00000215301.11|EH38E2751418_fwd_tile1-1
cardiac_neuro_cava_random:NLGN3|ENSG00000196338.15|EH38E2757995_fwd_tile1-1
cardiac_neuro_cava_random:NLGN3|ENSG00000196338.15|EH38E2758028_fwd_tile1-1
cardiac_neuro_cava_random:HNRNPH2|ENSG00000126945.9|EH38E2761837_fwd_tile1-1
cardiac_neuro_cava_random:HNRNPH2|ENSG00000126945.9|EH38E3939836_fwd_tile1-1
cardiac_neuro_cava_random:ALG13|ENSG00000101901.13|EH38E3941890_fwd_tile1-1
cardiac_neuro_cava_random:FHL1|ENSG00000022267.19|EH38E3946168_fwd_tile1-1
cardiac_neuro_cava_random:AFF2|ENSG00000155966.14|EH38E2772293_fwd_tile1-1
cardiac_neuro_cava_random:NLGN4X|ENSG00000146938.16|EH38E3923797_rev_tile1-1
cardiac_neuro_cava_random:DMD|ENSG00000198947.18|EH38E3929551_rev_tile1-1
cardiac_neuro_cava_random:DMD|ENSG00000198947.18|EH38E2748476_rev_tile1-1
cardiac_neuro_cava_random:DMD|ENSG00000198947.18|EH38E3929713_rev_tile1-1
cardiac_neuro_cava_random:DMD|ENSG00000198947.18|EH38E3929737_rev_tile1-1
cardiac_neuro_cava_random:DMD|ENSG00000198947.18|EH38E3929759_rev_tile1-1
cardiac_neuro_cava_random:DMD|ENSG00000198947.18|EH38E3929822_rev_tile1-1
cardiac_neuro_cava_random:BCOR|ENSG00000183337.18|EH38E3931128_rev_tile1-1
cardiac_neuro_cava_random:BCOR|ENSG00000183337.18|EH38E3931135_rev_tile1-1
cardiac_neuro_cava_random:BCOR|ENSG00000183337.18|EH38E2750714_rev_tile1-1
cardiac_neuro_cava_random:CASK|ENSG00000147044.23|EH38E3931835_rev_tile1-1
cardiac_neuro_cava_random:CASK|ENSG00000147044.23|EH38E3931844_rev_tile1-1
cardiac_neuro_cava_random:CASK|ENSG00000147044.23|EH38E2751554_rev_tile1-1
cardiac_neuro_cava_random:CASK|ENSG00000147044.23|EH38E2751637_rev_tile1-1
cardiac_neuro_cava_random:CASK|ENSG00000147044.23|EH38E3931915_rev_tile1-1
cardiac_neuro_cava_random:SYN1|ENSG00000008056.14|EH38E3933418_rev_tile1-1
cardiac_neuro_cava_random:SLC35A2|ENSG00000102100.16|EH38E2754196_rev_tile1-1
cardiac_neuro_cava_random:SLC35A2|ENSG00000102100.16|EH38E3933939_rev_tile1-1
cardiac_neuro_cava_random:KDM5C|ENSG00000126012.13|EH38E2755206_rev_tile1-1
cardiac_neuro_cava_random:IQSEC2|ENSG00000124313.18|EH38E2755222,KDM5C|ENSG00000126012.13|EH38E2755222_rev_tile1-1
cardiac_neuro_cava_random:IQSEC2|ENSG00000124313.18|EH38E3934813,KDM5C|ENSG00000126012.13|EH38E3934813_rev_tile1-1
cardiac_neuro_cava_random:UPF3B|ENSG00000125351.14|EH38E3943193_rev_tile1-1
cardiac_neuro_cava_random:FGF13|ENSG00000129682.16|EH38E3946667_rev_tile1-1
cardiac_neuro_cava_random:FGF13|ENSG00000129682.16|EH38E2771159_rev_tile1-1
cardiac_neuro_cava_random:FGF13|ENSG00000129682.16|EH38E2771164_rev_tile1-1
cardiac_neuro_cava_random:FGF13|ENSG00000129682.16|EH38E2771172_rev_tile1-1
cardiac_neuro_cava_random:MECP2|ENSG00000169057.25|EH38E3949430_rev_tile1-1
cardiac_neuro_cava_random:MECP2|ENSG00000169057.25|EH38E3949434_rev_tile1-1
cardiac_neuro_cava_random:REF_PRDM16|ENSG00000142611.17|EH38E2779631_fwd_tile1-1
cardiac_neuro_cava_random:REF_PRDM16|ENSG00000142611.17|EH38E1312408_fwd_tile1-1
cardiac_neuro_cava_random:REF_PRDM16|ENSG00000142611.17|EH38E2779968_fwd_tile1-1
cardiac_neuro_cava_random:REF_PRDM16|ENSG00000142611.17|EH38E2780158_fwd_tile1-1
cardiac_neuro_cava_random:REF_RERE|ENSG00000142599.20|EH38E1316049_rev_tile1-1
cardiac_neuro_cava_random:REF_RERE|ENSG00000142599.20|EH38E2783830_rev_tile1-1
cardiac_neuro_cava_random:REF_RERE|ENSG00000142599.20|EH38E1316217_rev_tile1-1
cardiac_neuro_cava_random:REF_RERE|ENSG00000142599.20|EH38E1316223_rev_tile1-1
cardiac_neuro_cava_random:REF_RERE|ENSG00000142599.20|EH38E2783891_rev_tile1-1
cardiac_neuro_cava_random:REF_RERE|ENSG00000142599.20|EH38E1316295_rev_tile1-1
cardiac_neuro_cava_random:REF_RERE|ENSG00000142599.20|EH38E2783930_rev_tile1-1
cardiac_neuro_cava_random:REF_RERE|ENSG00000142599.20|EH38E1316362_rev_tile1-1
cardiac_neuro_cava_random:REF_RERE|ENSG00000142599.20|EH38E1316384_rev_tile1-1
cardiac_neuro_cava_random:REF_RERE|ENSG00000142599.20|EH38E1316476_rev_tile1-1
cardiac_neuro_cava_random:REF_RERE|ENSG00000142599.20|EH38E2784022_rev_tile1-1
cardiac_neuro_cava_random:REF_RERE|ENSG00000142599.20|EH38E2784082_rev_tile1-1
cardiac_neuro_cava_random:REF_RERE|ENSG00000142599.20|EH38E2784093_rev_tile1-1
cardiac_neuro_cava_random:REF_CASZ1|ENSG00000130940.15|EH38E2785771_rev_tile1-1
cardiac_neuro_cava_random:REF_CASZ1|ENSG00000130940.15|EH38E2785823_rev_tile1-1
cardiac_neuro_cava_random:REF_MTOR|ENSG00000198793.14|EH38E1318624_rev_tile1-1
cardiac_neuro_cava_random:REF_MTOR|ENSG00000198793.14|EH38E2786115_rev_tile1-1
cardiac_neuro_cava_random:REF_MTOR|ENSG00000198793.14|EH38E2786157_rev_tile1-1
cardiac_neuro_cava_random:REF_MTOR|ENSG00000198793.14|EH38E1318759_rev_tile1-1
cardiac_neuro_cava_random:REF_MTHFR|ENSG00000177000.13|EH38E1319082_rev_tile1-1
cardiac_neuro_cava_random:REF_MTHFR|ENSG00000177000.13|EH38E2786572_rev_tile1-1
cardiac_neuro_cava_random:REF_MTHFR|ENSG00000177000.13|EH38E2786576_rev_tile1-1
cardiac_neuro_cava_random:REF_MTHFR|ENSG00000177000.13|EH38E2786589_rev_tile1-1
cardiac_neuro_cava_random:REF_MTHFR|ENSG00000177000.13|EH38E1319127_rev_tile1-1
cardiac_neuro_cava_random:REF_MTHFR|ENSG00000177000.13|EH38E2786621_rev_tile1-1
cardiac_neuro_cava_random:REF_MTHFR|ENSG00000177000.13|EH38E1319157_rev_tile1-1
cardiac_neuro_cava_random:REF_PLEKHM2|ENSG00000116786.13|EH38E1321740_fwd_tile1-1
cardiac_neuro_cava_random:REF_PLEKHM2|ENSG00000116786.13|EH38E2788772_fwd_tile1-1
cardiac_neuro_cava_random:REF_PLEKHM2|ENSG00000116786.13|EH38E1321746_fwd_tile1-1
cardiac_neuro_cava_random:REF_PLEKHM2|ENSG00000116786.13|EH38E2788791_fwd_tile1-1
cardiac_neuro_cava_random:REF_PLEKHM2|ENSG00000116786.13|EH38E2788824_fwd_tile1-1
cardiac_neuro_cava_random:REF_PLEKHM2|ENSG00000116786.13|EH38E2788860_fwd_tile1-1
cardiac_neuro_cava_random:REF_SDHB|ENSG00000117118.10|EH38E1322804_rev_tile1-1
cardiac_neuro_cava_random:REF_SDHB|ENSG00000117118.10|EH38E2790013_rev_tile1-1
cardiac_neuro_cava_random:REF_ECE1|ENSG00000117298.16|EH38E2792689_rev_tile1-1
cardiac_neuro_cava_random:REF_ECE1|ENSG00000117298.16|EH38E2792706_rev_tile1-1
cardiac_neuro_cava_random:REF_ECE1|ENSG00000117298.16|EH38E1325956_rev_tile1-1
cardiac_neuro_cava_random:REF_ECE1|ENSG00000117298.16|EH38E1326025_rev_tile1-1
cardiac_neuro_cava_random:REF_ECE1|ENSG00000117298.16|EH38E2792790_rev_tile1-1
cardiac_neuro_cava_random:REF_ECE1|ENSG00000117298.16|EH38E1326077_rev_tile1-1
cardiac_neuro_cava_random:REF_ECE1|ENSG00000117298.16|EH38E2792865_rev_tile1-1
cardiac_neuro_cava_random:REF_ECE1|ENSG00000117298.16|EH38E2792869_rev_tile1-1
cardiac_neuro_cava_random:REF_AHDC1|ENSG00000126705.15|EH38E1331578_rev_tile1-1
cardiac_neuro_cava_random:REF_AHDC1|ENSG00000126705.15|EH38E2797956_rev_tile1-1
cardiac_neuro_cava_random:REF_AHDC1|ENSG00000126705.15|EH38E2798005_rev_tile1-1
cardiac_neuro_cava_random:REF_SFPQ|ENSG00000116560.12|EH38E2802393_rev_tile1-1
cardiac_neuro_cava_random:REF_FHL3|ENSG00000183386.10|EH38E2803953_rev_tile1-1
cardiac_neuro_cava_random:REF_FHL3|ENSG00000183386.10|EH38E2804034_rev_tile1-1
cardiac_neuro_cava_random:REF_SZT2|ENSG00000198198.17|EH38E2807384_fwd_tile1-1
cardiac_neuro_cava_random:REF_SZT2|ENSG00000198198.17|EH38E2807394_fwd_tile1-1
cardiac_neuro_cava_random:REF_ST3GAL3|ENSG00000126091.21|EH38E2807575_fwd_tile1-1
cardiac_neuro_cava_random:REF_ST3GAL3|ENSG00000126091.21|EH38E1342696_fwd_tile1-1
cardiac_neuro_cava_random:REF_ST3GAL3|ENSG00000126091.21|EH38E2807654_fwd_tile1-1
cardiac_neuro_cava_random:REF_ST3GAL3|ENSG00000126091.21|EH38E2807758_fwd_tile1-1
cardiac_neuro_cava_random:REF_PARS2|ENSG00000162396.6|EH38E1349224_rev_tile1-1
cardiac_neuro_cava_random:REF_PARS2|ENSG00000162396.6|EH38E1349229_rev_tile1-1
cardiac_neuro_cava_random:REF_PARS2|ENSG00000162396.6|EH38E2812930_rev_tile1-1
cardiac_neuro_cava_random:REF_PARS2|ENSG00000162396.6|EH38E2812964_rev_tile1-1
cardiac_neuro_cava_random:REF_PLPP3|ENSG00000162407.9|EH38E1350484_rev_tile1-1
cardiac_neuro_cava_random:REF_PLPP3|ENSG00000162407.9|EH38E2813753_rev_tile1-1
cardiac_neuro_cava_random:REF_PLPP3|ENSG00000162407.9|EH38E2813758_rev_tile1-1
cardiac_neuro_cava_random:REF_PLPP3|ENSG00000162407.9|EH38E2813765_rev_tile1-1
cardiac_neuro_cava_random:REF_PLPP3|ENSG00000162407.9|EH38E1350558_rev_tile1-1
cardiac_neuro_cava_random:REF_DOCK7|ENSG00000116641.18|EH38E2815965_rev_tile1-1
cardiac_neuro_cava_random:REF_DOCK7|ENSG00000116641.18|EH38E2816013_rev_tile1-1
cardiac_neuro_cava_random:REF_NEXN|ENSG00000162614.19|EH38E2820352_fwd_tile1-1
cardiac_neuro_cava_random:REF_NEXN|ENSG00000162614.19|EH38E2820357_fwd_tile1-1
cardiac_neuro_cava_random:REF_BCL10|ENSG00000142867.14|EH38E1363698_rev_tile1-1
cardiac_neuro_cava_random:REF_BCL10|ENSG00000142867.14|EH38E2822193_rev_tile1-1
cardiac_neuro_cava_random:REF_BCL10|ENSG00000142867.14|EH38E1363725_rev_tile1-1
cardiac_neuro_cava_random:REF_CNN3|ENSG00000117519.16|EH38E1369394_rev_tile1-1
cardiac_neuro_cava_random:REF_CNN3|ENSG00000117519.16|EH38E1369410_rev_tile1-1
cardiac_neuro_cava_random:REF_CNN3|ENSG00000117519.16|EH38E2825991_rev_tile1-1
cardiac_neuro_cava_random:REF_CNN3|ENSG00000117519.16|EH38E1369423_rev_tile1-1
cardiac_neuro_cava_random:REF_CNN3|ENSG00000117519.16|EH38E1369427_rev_tile1-1
cardiac_neuro_cava_random:REF_CNN3|ENSG00000117519.16|EH38E1369445_rev_tile1-1
cardiac_neuro_cava_random:REF_CNN3|ENSG00000117519.16|EH38E2826025_rev_tile1-1
cardiac_neuro_cava_random:REF_CNN3|ENSG00000117519.16|EH38E2826039_rev_tile1-1
cardiac_neuro_cava_random:REF_KCNA2|ENSG00000177301.16|EH38E1375827_rev_tile1-1
cardiac_neuro_cava_random:REF_KCNA2|ENSG00000177301.16|EH38E2830583_rev_tile1-1
cardiac_neuro_cava_random:REF_CSDE1|ENSG00000009307.17|EH38E1378421,NRAS|ENSG00000213281.5|EH38E1378421_rev_tile1-1
cardiac_neuro_cava_random:REF_CASQ2|ENSG00000118729.12|EH38E2832882_rev_tile1-1
cardiac_neuro_cava_random:REF_CASQ2|ENSG00000118729.12|EH38E2832889_rev_tile1-1
cardiac_neuro_cava_random:REF_CASQ2|ENSG00000118729.12|EH38E2832897_rev_tile1-1
cardiac_neuro_cava_random:REF_CASQ2|ENSG00000118729.12|EH38E1379047_rev_tile1-1
cardiac_neuro_cava_random:REF_CASQ2|ENSG00000118729.12|EH38E1379052_rev_tile1-1
cardiac_neuro_cava_random:REF_NOTCH2|ENSG00000134250.21|EH38E2834984_rev_tile1-1
cardiac_neuro_cava_random:REF_GJA5|ENSG00000265107.3|EH38E1382799_rev_tile1-1
cardiac_neuro_cava_random:REF_GJA5|ENSG00000265107.3|EH38E2836119_rev_tile1-1
cardiac_neuro_cava_random:REF_POGZ|ENSG00000143442.23|EH38E1384267_rev_tile1-1
cardiac_neuro_cava_random:REF_LMNA|ENSG00000160789.24|EH38E1387556_fwd_tile1-1
cardiac_neuro_cava_random:REF_LMNA|ENSG00000160789.24|EH38E1387565_fwd_tile1-1
cardiac_neuro_cava_random:REF_LMNA|ENSG00000160789.24|EH38E2840556_fwd_tile1-1
cardiac_neuro_cava_random:REF_LMNA|ENSG00000160789.24|EH38E2840565_fwd_tile1-1
cardiac_neuro_cava_random:REF_ATP1A2|ENSG00000018625.15|EH38E2842675_fwd_tile1-1
cardiac_neuro_cava_random:REF_ATP1A2|ENSG00000018625.15|EH38E2842754_fwd_tile1-1
cardiac_neuro_cava_random:REF_ATP1A2|ENSG00000018625.15|EH38E1390212_fwd_tile1-1
cardiac_neuro_cava_random:REF_ATP1A2|ENSG00000018625.15|EH38E2842823_fwd_tile1-1
cardiac_neuro_cava_random:REF_ATP1A2|ENSG00000018625.15|EH38E2842825_fwd_tile1-1
cardiac_neuro_cava_random:REF_ATP1A2|ENSG00000018625.15|EH38E2842831_fwd_tile1-1
cardiac_neuro_cava_random:REF_NOS1AP|ENSG00000198929.13|EH38E2844151_fwd_tile1-1
cardiac_neuro_cava_random:REF_NOS1AP|ENSG00000198929.13|EH38E1391804_fwd_tile1-1
cardiac_neuro_cava_random:REF_NOS1AP|ENSG00000198929.13|EH38E2844159_fwd_tile1-1
cardiac_neuro_cava_random:REF_NOS1AP|ENSG00000198929.13|EH38E2844272_fwd_tile1-1
cardiac_neuro_cava_random:REF_PBX1|ENSG00000185630.20|EH38E2844911_fwd_tile1-1
cardiac_neuro_cava_random:REF_PBX1|ENSG00000185630.20|EH38E2844974_fwd_tile1-1
cardiac_neuro_cava_random:REF_PBX1|ENSG00000185630.20|EH38E1393239_fwd_tile1-1
cardiac_neuro_cava_random:REF_PBX1|ENSG00000185630.20|EH38E2845081_fwd_tile1-1
cardiac_neuro_cava_random:REF_PBX1|ENSG00000185630.20|EH38E1393358_fwd_tile1-1
cardiac_neuro_cava_random:REF_PRRX1|ENSG00000116132.12|EH38E1396653_fwd_tile1-1
cardiac_neuro_cava_random:REF_PRRX1|ENSG00000116132.12|EH38E1396723_fwd_tile1-1
cardiac_neuro_cava_random:REF_TNNT2|ENSG00000118194.21|EH38E1411532_rev_tile1-1
cardiac_neuro_cava_random:REF_TNNT2|ENSG00000118194.21|EH38E1411568_rev_tile1-1
cardiac_neuro_cava_random:REF_KDM5B|ENSG00000117139.18|EH38E2858931_rev_tile1-1
cardiac_neuro_cava_random:REF_CHI3L1|ENSG00000133048.13|EH38E1413248_rev_tile1-1
cardiac_neuro_cava_random:REF_CHI3L1|ENSG00000133048.13|EH38E2859165_rev_tile1-1
cardiac_neuro_cava_random:REF_CHI3L1|ENSG00000133048.13|EH38E1413296_rev_tile1-1
cardiac_neuro_cava_random:REF_FBXO28|ENSG00000143756.12|EH38E2868767_fwd_tile1-1
cardiac_neuro_cava_random:REF_FBXO28|ENSG00000143756.12|EH38E1426261_fwd_tile1-1
cardiac_neuro_cava_random:REF_FBXO28|ENSG00000143756.12|EH38E1426283_fwd_tile1-1
cardiac_neuro_cava_random:REF_LEFTY2|ENSG00000143768.13|EH38E2869622_rev_tile1-1
cardiac_neuro_cava_random:REF_ARV1|ENSG00000173409.14|EH38E1431142_fwd_tile1-1
cardiac_neuro_cava_random:REF_ARV1|ENSG00000173409.14|EH38E1431162_fwd_tile1-1
cardiac_neuro_cava_random:REF_DISC1|ENSG00000162946.23|EH38E2873427_fwd_tile1-1
cardiac_neuro_cava_random:REF_DISC1|ENSG00000162946.23|EH38E1431553_fwd_tile1-1
cardiac_neuro_cava_random:REF_DISC1|ENSG00000162946.23|EH38E2873486_fwd_tile1-1
cardiac_neuro_cava_random:REF_DISC1|ENSG00000162946.23|EH38E2873530_fwd_tile1-1
cardiac_neuro_cava_random:REF_DISC1|ENSG00000162946.23|EH38E1431657_fwd_tile1-1
cardiac_neuro_cava_random:REF_RYR2|ENSG00000198626.18|EH38E2876276_fwd_tile1-1
cardiac_neuro_cava_random:REF_RYR2|ENSG00000198626.18|EH38E2876361_fwd_tile1-1
cardiac_neuro_cava_random:REF_RYR2|ENSG00000198626.18|EH38E1435655_fwd_tile1-1
cardiac_neuro_cava_random:REF_RYR2|ENSG00000198626.18|EH38E1435676_fwd_tile1-1
cardiac_neuro_cava_random:REF_FH|ENSG00000091483.8|EH38E2877395_rev_tile1-1
cardiac_neuro_cava_random:REF_FH|ENSG00000091483.8|EH38E1437047_rev_tile1-1
cardiac_neuro_cava_random:REF_CELF2|ENSG00000048740.19|EH38E2885580_fwd_tile1-1
cardiac_neuro_cava_random:REF_CELF2|ENSG00000048740.19|EH38E1447739_fwd_tile1-1
cardiac_neuro_cava_random:REF_NEBL|ENSG00000078114.19|EH38E1453547_rev_tile1-1
cardiac_neuro_cava_random:REF_NEBL|ENSG00000078114.19|EH38E1453588_rev_tile1-1
cardiac_neuro_cava_random:REF_NEBL|ENSG00000078114.19|EH38E2889929_rev_tile1-1
cardiac_neuro_cava_random:REF_NEBL|ENSG00000078114.19|EH38E1453636_rev_tile1-1
cardiac_neuro_cava_random:REF_NEBL|ENSG00000078114.19|EH38E1453644_rev_tile1-1
cardiac_neuro_cava_random:REF_NEBL|ENSG00000078114.19|EH38E1453658_rev_tile1-1
cardiac_neuro_cava_random:REF_NEBL|ENSG00000078114.19|EH38E2889976_rev_tile1-1
cardiac_neuro_cava_random:REF_WAC|ENSG00000095787.25|EH38E2892812_fwd_tile1-1
cardiac_neuro_cava_random:REF_ANK3|ENSG00000151150.22|EH38E2902462_rev_tile1-1
cardiac_neuro_cava_random:REF_ANK3|ENSG00000151150.22|EH38E1470636_rev_tile1-1
cardiac_neuro_cava_random:REF_ANK3|ENSG00000151150.22|EH38E2902541_rev_tile1-1
cardiac_neuro_cava_random:REF_ANK3|ENSG00000151150.22|EH38E1470811_rev_tile1-1
cardiac_neuro_cava_random:REF_ANK3|ENSG00000151150.22|EH38E1470846_rev_tile1-1
cardiac_neuro_cava_random:REF_ANK3|ENSG00000151150.22|EH38E1470918_rev_tile1-1
cardiac_neuro_cava_random:REF_ANK3|ENSG00000151150.22|EH38E1470939_rev_tile1-1
cardiac_neuro_cava_random:REF_ANK3|ENSG00000151150.22|EH38E2902671_rev_tile1-1
cardiac_neuro_cava_random:REF_ANK3|ENSG00000151150.22|EH38E2902674_rev_tile1-1
cardiac_neuro_cava_random:REF_ANK3|ENSG00000151150.22|EH38E1470974_rev_tile1-1
cardiac_neuro_cava_random:REF_ANK3|ENSG00000151150.22|EH38E2902697_rev_tile1-1
cardiac_neuro_cava_random:REF_ANK3|ENSG00000151150.22|EH38E1471059_rev_tile1-1
cardiac_neuro_cava_random:REF_ANK3|ENSG00000151150.22|EH38E1471085_rev_tile1-1
cardiac_neuro_cava_random:REF_ANK3|ENSG00000151150.22|EH38E2902764_rev_tile1-1
cardiac_neuro_cava_random:REF_CTNNA3|ENSG00000183230.18|EH38E1473726_rev_tile1-1
cardiac_neuro_cava_random:REF_CTNNA3|ENSG00000183230.18|EH38E2904628_rev_tile1-1
cardiac_neuro_cava_random:REF_CTNNA3|ENSG00000183230.18|EH38E1473763_rev_tile1-1
cardiac_neuro_cava_random:REF_CTNNA3|ENSG00000183230.18|EH38E1473815_rev_tile1-1
cardiac_neuro_cava_random:REF_CTNNA3|ENSG00000183230.18|EH38E2904726_rev_tile1-1
cardiac_neuro_cava_random:REF_CTNNA3|ENSG00000183230.18|EH38E1474015_rev_tile1-1
cardiac_neuro_cava_random:REF_CTNNA3|ENSG00000183230.18|EH38E2904875_rev_tile1-1
cardiac_neuro_cava_random:REF_MYPN|ENSG00000138347.17|EH38E1474332_fwd_tile1-1
cardiac_neuro_cava_random:REF_NODAL|ENSG00000156574.10|EH38E1475952_rev_tile1-1
cardiac_neuro_cava_random:REF_VCL|ENSG00000035403.18|EH38E1478698_fwd_tile1-1
cardiac_neuro_cava_random:REF_LDB3|ENSG00000122367.21|EH38E1485352_fwd_tile1-1
cardiac_neuro_cava_random:REF_LDB3|ENSG00000122367.21|EH38E2914198_fwd_tile1-1
cardiac_neuro_cava_random:REF_LDB3|ENSG00000122367.21|EH38E2914206_fwd_tile1-1
cardiac_neuro_cava_random:REF_LDB3|ENSG00000122367.21|EH38E2914246_fwd_tile1-1
cardiac_neuro_cava_random:REF_PTEN|ENSG00000171862.13|EH38E2914752_fwd_tile1-1
cardiac_neuro_cava_random:REF_ANKRD1|ENSG00000148677.7|EH38E2915970_rev_tile1-1
cardiac_neuro_cava_random:REF_ANKRD1|ENSG00000148677.7|EH38E1487909_rev_tile1-1
cardiac_neuro_cava_random:REF_ANKRD1|ENSG00000148677.7|EH38E1487916_rev_tile1-1
cardiac_neuro_cava_random:REF_CYP2C19|ENSG00000165841.11|EH38E1490113_fwd_tile1-1
cardiac_neuro_cava_random:REF_RBM20|ENSG00000203867.8|EH38E2924615_fwd_tile1-1
cardiac_neuro_cava_random:REF_RBM20|ENSG00000203867.8|EH38E2924674_fwd_tile1-1
cardiac_neuro_cava_random:REF_RBM20|ENSG00000203867.8|EH38E2924695_fwd_tile1-1
cardiac_neuro_cava_random:REF_RBM20|ENSG00000203867.8|EH38E1499232_fwd_tile1-1
cardiac_neuro_cava_random:REF_RBM20|ENSG00000203867.8|EH38E2924833_fwd_tile1-1
cardiac_neuro_cava_random:REF_SHOC2|ENSG00000108061.13|EH38E1499410_fwd_tile1-1
cardiac_neuro_cava_random:REF_TCF7L2|ENSG00000148737.18|EH38E1500391_fwd_tile1-1
cardiac_neuro_cava_random:REF_TCF7L2|ENSG00000148737.18|EH38E2925581_fwd_tile1-1
cardiac_neuro_cava_random:REF_TCF7L2|ENSG00000148737.18|EH38E2925595_fwd_tile1-1
cardiac_neuro_cava_random:REF_TCF7L2|ENSG00000148737.18|EH38E1500492_fwd_tile1-1
cardiac_neuro_cava_random:REF_TCF7L2|ENSG00000148737.18|EH38E2925670_fwd_tile1-1
cardiac_neuro_cava_random:REF_TCF7L2|ENSG00000148737.18|EH38E2925690_fwd_tile1-1
cardiac_neuro_cava_random:REF_BAG3|ENSG00000151929.10|EH38E2928823_fwd_tile1-1
cardiac_neuro_cava_random:REF_EBF3|ENSG00000108001.16|EH38E2934030_rev_tile1-1
cardiac_neuro_cava_random:REF_EBF3|ENSG00000108001.16|EH38E1511162_rev_tile1-1
cardiac_neuro_cava_random:REF_HRAS|ENSG00000174775.18|EH38E2937608_rev_tile1-1
cardiac_neuro_cava_random:REF_HRAS|ENSG00000174775.18|EH38E2937619_rev_tile1-1
cardiac_neuro_cava_random:REF_HRAS|ENSG00000174775.18|EH38E1513693_rev_tile1-1
cardiac_neuro_cava_random:REF_DEAF1|ENSG00000177030.19|EH38E2937773_rev_tile1-1
cardiac_neuro_cava_random:REF_DEAF1|ENSG00000177030.19|EH38E2937793_rev_tile1-1
cardiac_neuro_cava_random:REF_TIMM10B|ENSG00000132286.12|EH38E1517444_fwd_tile1-1
cardiac_neuro_cava_random:REF_TIMM10B|ENSG00000132286.12|EH38E2942294_fwd_tile1-1
cardiac_neuro_cava_random:REF_ILK|ENSG00000166333.14|EH38E2942430_fwd_tile1-1
cardiac_neuro_cava_random:REF_DENND5A|ENSG00000184014.9|EH38E1519031_rev_tile1-1
cardiac_neuro_cava_random:REF_CSRP3|ENSG00000129170.10|EH38E2948262_rev_tile1-1
cardiac_neuro_cava_random:REF_CSRP3|ENSG00000129170.10|EH38E2948284_rev_tile1-1
cardiac_neuro_cava_random:REF_CAPRIN1|ENSG00000135387.21|EH38E1531626_fwd_tile1-1
cardiac_neuro_cava_random:REF_CAPRIN1|ENSG00000135387.21|EH38E1531629_fwd_tile1-1
cardiac_neuro_cava_random:REF_CAPRIN1|ENSG00000135387.21|EH38E2952437_fwd_tile1-1
cardiac_neuro_cava_random:REF_CAPRIN1|ENSG00000135387.21|EH38E1531694_fwd_tile1-1
cardiac_neuro_cava_random:REF_SLC1A2|ENSG00000110436.13|EH38E2953199_rev_tile1-1
cardiac_neuro_cava_random:REF_SLC1A2|ENSG00000110436.13|EH38E1532636_rev_tile1-1
cardiac_neuro_cava_random:REF_SLC1A2|ENSG00000110436.13|EH38E2953227_rev_tile1-1
cardiac_neuro_cava_random:REF_SLC1A2|ENSG00000110436.13|EH38E1532674_rev_tile1-1
cardiac_neuro_cava_random:REF_SLC1A2|ENSG00000110436.13|EH38E1532714_rev_tile1-1
cardiac_neuro_cava_random:REF_SLC1A2|ENSG00000110436.13|EH38E1532727_rev_tile1-1
cardiac_neuro_cava_random:REF_SLC1A2|ENSG00000110436.13|EH38E2953278_rev_tile1-1
cardiac_neuro_cava_random:REF_SLC1A2|ENSG00000110436.13|EH38E1532786_rev_tile1-1
cardiac_neuro_cava_random:REF_SLC1A2|ENSG00000110436.13|EH38E2953311_rev_tile1-1
cardiac_neuro_cava_random:REF_LRRC4C|ENSG00000148948.8|EH38E1534547_rev_tile1-1
cardiac_neuro_cava_random:REF_LRRC4C|ENSG00000148948.8|EH38E2954525_rev_tile1-1
cardiac_neuro_cava_random:REF_LRRC4C|ENSG00000148948.8|EH38E1534651_rev_tile1-1
cardiac_neuro_cava_random:REF_LRRC4C|ENSG00000148948.8|EH38E1534735_rev_tile1-1
cardiac_neuro_cava_random:REF_LRRC4C|ENSG00000148948.8|EH38E2954610_rev_tile1-1
cardiac_neuro_cava_random:REF_PHF21A|ENSG00000135365.17|EH38E2956543_rev_tile1-1
cardiac_neuro_cava_random:REF_PHF21A|ENSG00000135365.17|EH38E2956549_rev_tile1-1
cardiac_neuro_cava_random:REF_MYBPC3|ENSG00000134571.12|EH38E2957471_rev_tile1-1
cardiac_neuro_cava_random:REF_NRXN2|ENSG00000110076.21|EH38E2963298_rev_tile1-1
cardiac_neuro_cava_random:REF_NRXN2|ENSG00000110076.21|EH38E1544255_rev_tile1-1
cardiac_neuro_cava_random:REF_NRXN2|ENSG00000110076.21|EH38E1544256_rev_tile1-1
cardiac_neuro_cava_random:REF_PACS1|ENSG00000175115.13|EH38E2965236_fwd_tile1-1
cardiac_neuro_cava_random:REF_PACS1|ENSG00000175115.13|EH38E1545891_fwd_tile1-1
cardiac_neuro_cava_random:REF_KMT5B|ENSG00000110066.16|EH38E2967393_rev_tile1-1
cardiac_neuro_cava_random:REF_KMT5B|ENSG00000110066.16|EH38E2967407_rev_tile1-1
cardiac_neuro_cava_random:REF_SHANK2|ENSG00000162105.21|EH38E1549629_rev_tile1-1
cardiac_neuro_cava_random:REF_SHANK2|ENSG00000162105.21|EH38E1549946_rev_tile1-1
cardiac_neuro_cava_random:REF_SHANK2|ENSG00000162105.21|EH38E2970167_rev_tile1-1
cardiac_neuro_cava_random:REF_SHANK2|ENSG00000162105.21|EH38E2970194_rev_tile1-1
cardiac_neuro_cava_random:REF_SHANK2|ENSG00000162105.21|EH38E2970267_rev_tile1-1
cardiac_neuro_cava_random:REF_DHCR7|ENSG00000172893.18|EH38E1550119_rev_tile1-1
cardiac_neuro_cava_random:REF_DHCR7|ENSG00000172893.18|EH38E1550142_rev_tile1-1
cardiac_neuro_cava_random:REF_DHCR7|ENSG00000172893.18|EH38E2970380_rev_tile1-1
cardiac_neuro_cava_random:REF_MRE11|ENSG00000020922.13|EH38E2979230_rev_tile1-1
cardiac_neuro_cava_random:REF_ATM|ENSG00000149311.20|EH38E2982964_fwd_tile1-1
cardiac_neuro_cava_random:REF_ATM|ENSG00000149311.20|EH38E2983005_fwd_tile1-1
cardiac_neuro_cava_random:REF_ATM|ENSG00000149311.20|EH38E2983011_fwd_tile1-1
cardiac_neuro_cava_random:REF_CBL|ENSG00000110395.8|EH38E2988683_fwd_tile1-1
cardiac_neuro_cava_random:REF_CBL|ENSG00000110395.8|EH38E2988688_fwd_tile1-1
cardiac_neuro_cava_random:REF_CBL|ENSG00000110395.8|EH38E2988727_fwd_tile1-1
cardiac_neuro_cava_random:REF_SRPRA|ENSG00000182934.12|EH38E1579719_rev_tile1-1
cardiac_neuro_cava_random:REF_SRPRA|ENSG00000182934.12|EH38E2992567_rev_tile1-1
cardiac_neuro_cava_random:REF_CACNA1C|ENSG00000151067.23|EH38E1586931_fwd_tile1-1
cardiac_neuro_cava_random:REF_CACNA1C|ENSG00000151067.23|EH38E2998392_fwd_tile1-1
cardiac_neuro_cava_random:REF_CACNA1C|ENSG00000151067.23|EH38E1587045_fwd_tile1-1
cardiac_neuro_cava_random:REF_CACNA1C|ENSG00000151067.23|EH38E2998492_fwd_tile1-1
cardiac_neuro_cava_random:REF_CACNA1C|ENSG00000151067.23|EH38E1587116_fwd_tile1-1
cardiac_neuro_cava_random:REF_CACNA1C|ENSG00000151067.23|EH38E2998573_fwd_tile1-1
cardiac_neuro_cava_random:REF_CACNA1C|ENSG00000151067.23|EH38E2998576_fwd_tile1-1
cardiac_neuro_cava_random:REF_CACNA1C|ENSG00000151067.23|EH38E2998603_fwd_tile1-1
cardiac_neuro_cava_random:REF_CACNA1C|ENSG00000151067.23|EH38E2998607_fwd_tile1-1
cardiac_neuro_cava_random:REF_CACNA1C|ENSG00000151067.23|EH38E2998676_fwd_tile1-1
cardiac_neuro_cava_random:REF_NECAP1|ENSG00000089818.18|EH38E3002052_fwd_tile1-1
cardiac_neuro_cava_random:REF_NECAP1|ENSG00000089818.18|EH38E3002063_fwd_tile1-1
cardiac_neuro_cava_random:REF_ABCC9|ENSG00000069431.14|EH38E1598063_rev_tile1-1
cardiac_neuro_cava_random:REF_ABCC9|ENSG00000069431.14|EH38E1598070_rev_tile1-1
cardiac_neuro_cava_random:REF_SOX5|ENSG00000134532.20|EH38E1598765_rev_tile1-1
cardiac_neuro_cava_random:REF_SOX5|ENSG00000134532.20|EH38E1598852_rev_tile1-1
cardiac_neuro_cava_random:REF_SOX5|ENSG00000134532.20|EH38E3007458_rev_tile1-1
cardiac_neuro_cava_random:REF_SOX5|ENSG00000134532.20|EH38E3007459_rev_tile1-1
cardiac_neuro_cava_random:REF_SOX5|ENSG00000134532.20|EH38E3007469_rev_tile1-1
cardiac_neuro_cava_random:REF_SOX5|ENSG00000134532.20|EH38E3007503_rev_tile1-1
cardiac_neuro_cava_random:REF_KRAS|ENSG00000133703.14|EH38E3007847_rev_tile1-1
cardiac_neuro_cava_random:REF_KRAS|ENSG00000133703.14|EH38E3007863_rev_tile1-1
cardiac_neuro_cava_random:REF_PKP2|ENSG00000057294.17|EH38E3010842_rev_tile1-1
cardiac_neuro_cava_random:REF_PKP2|ENSG00000057294.17|EH38E1604143_rev_tile1-1
cardiac_neuro_cava_random:REF_PKP2|ENSG00000057294.17|EH38E1604155_rev_tile1-1
cardiac_neuro_cava_random:REF_PKP2|ENSG00000057294.17|EH38E3010890_rev_tile1-1
cardiac_neuro_cava_random:REF_PKP2|ENSG00000057294.17|EH38E3010912_rev_tile1-1
cardiac_neuro_cava_random:REF_SMARCC2|ENSG00000139613.12|EH38E3020341_rev_tile1-1
cardiac_neuro_cava_random:REF_TPH2|ENSG00000139287.13|EH38E1624290_fwd_tile1-1
cardiac_neuro_cava_random:REF_KCNC2|ENSG00000166006.14|EH38E1624997_rev_tile1-1
cardiac_neuro_cava_random:REF_KCNC2|ENSG00000166006.14|EH38E3027751_rev_tile1-1
cardiac_neuro_cava_random:REF_PAH|ENSG00000171759.10|EH38E3036590_rev_tile1-1
cardiac_neuro_cava_random:REF_MYL2|ENSG00000111245.17|EH38E1644184_rev_tile1-1
cardiac_neuro_cava_random:REF_CUX2|ENSG00000111249.14|EH38E3041131_fwd_tile1-1
cardiac_neuro_cava_random:REF_ALDH2|ENSG00000111275.13|EH38E3041527_fwd_tile1-1
cardiac_neuro_cava_random:REF_HECTD4|ENSG00000173064.14|EH38E1645105_rev_tile1-1
cardiac_neuro_cava_random:REF_PTPN11|ENSG00000179295.19|EH38E3041865_fwd_tile1-1
cardiac_neuro_cava_random:REF_TBX5|ENSG00000089225.20|EH38E1646329_rev_tile1-1
cardiac_neuro_cava_random:REF_TBX5|ENSG00000089225.20|EH38E3042955_rev_tile1-1
cardiac_neuro_cava_random:REF_MED13L|ENSG00000123066.9|EH38E3043651_rev_tile1-1
cardiac_neuro_cava_random:REF_MED13L|ENSG00000123066.9|EH38E3043653_rev_tile1-1
cardiac_neuro_cava_random:REF_MED13L|ENSG00000123066.9|EH38E3043734_rev_tile1-1
cardiac_neuro_cava_random:REF_BRCA2|ENSG00000139618.18|EH38E3059493_fwd_tile1-1
cardiac_neuro_cava_random:REF_BRCA2|ENSG00000139618.18|EH38E3059513_fwd_tile1-1
cardiac_neuro_cava_random:REF_BRCA2|ENSG00000139618.18|EH38E3059517_fwd_tile1-1
cardiac_neuro_cava_random:REF_NBEA|ENSG00000172915.20|EH38E3060408_fwd_tile1-1
cardiac_neuro_cava_random:REF_NBEA|ENSG00000172915.20|EH38E3060412_fwd_tile1-1
cardiac_neuro_cava_random:REF_NBEA|ENSG00000172915.20|EH38E3060414_fwd_tile1-1
cardiac_neuro_cava_random:REF_NBEA|ENSG00000172915.20|EH38E3060482_fwd_tile1-1
cardiac_neuro_cava_random:REF_NBEA|ENSG00000172915.20|EH38E1667500_fwd_tile1-1
cardiac_neuro_cava_random:REF_NBEA|ENSG00000172915.20|EH38E1667602_fwd_tile1-1
cardiac_neuro_cava_random:REF_NBEA|ENSG00000172915.20|EH38E3060591_fwd_tile1-1
cardiac_neuro_cava_random:REF_HTR2A|ENSG00000102468.11|EH38E3065139_rev_tile1-1
cardiac_neuro_cava_random:REF_HTR2A|ENSG00000102468.11|EH38E1674468_rev_tile1-1
cardiac_neuro_cava_random:REF_DAOA|ENSG00000182346.22|EH38E3079710_fwd_tile1-1
cardiac_neuro_cava_random:REF_DAOA|ENSG00000182346.22|EH38E3079725_fwd_tile1-1
cardiac_neuro_cava_random:REF_CHAMP1|ENSG00000198824.8|EH38E3084990_fwd_tile1-1
cardiac_neuro_cava_random:REF_CHAMP1|ENSG00000198824.8|EH38E1700775_fwd_tile1-1
cardiac_neuro_cava_random:REF_CHD8|ENSG00000100888.15|EH38E1701681_rev_tile1-1
cardiac_neuro_cava_random:REF_MYH6|ENSG00000197616.13|EH38E3086892_rev_tile1-1
cardiac_neuro_cava_random:REF_MYH6|ENSG00000197616.13|EH38E3086976,MYH7|ENSG00000092054.13|EH38E3086976_rev_tile1-1
cardiac_neuro_cava_random:REF_MYH6|ENSG00000197616.13|EH38E3086977,MYH7|ENSG00000092054.13|EH38E3086977_rev_tile1-1
cardiac_neuro_cava_random:REF_MYH6|ENSG00000197616.13|EH38E1703157,MYH7|ENSG00000092054.13|EH38E1703157_rev_tile1-1
cardiac_neuro_cava_random:REF_MYH6|ENSG00000197616.13|EH38E3087047,MYH7|ENSG00000092054.13|EH38E3087047_rev_tile1-1
cardiac_neuro_cava_random:REF_CMA1|ENSG00000092009.10|EH38E3087816_rev_tile1-1
cardiac_neuro_cava_random:REF_FANCM|ENSG00000187790.12|EH38E1711374_fwd_tile1-1
cardiac_neuro_cava_random:REF_FANCM|ENSG00000187790.12|EH38E1711430_fwd_tile1-1
cardiac_neuro_cava_random:REF_MAX|ENSG00000125952.20|EH38E1721673_rev_tile1-1
cardiac_neuro_cava_random:REF_MAX|ENSG00000125952.20|EH38E3100080_rev_tile1-1
cardiac_neuro_cava_random:REF_MAX|ENSG00000125952.20|EH38E3100081_rev_tile1-1
cardiac_neuro_cava_random:REF_RAD51B|ENSG00000182185.19|EH38E1723128_fwd_tile1-1
cardiac_neuro_cava_random:REF_RAD51B|ENSG00000182185.19|EH38E0341712_fwd_tile1-1
cardiac_neuro_cava_random:REF_RAD51B|ENSG00000182185.19|EH38E3101165_fwd_tile1-1
cardiac_neuro_cava_random:REF_RAD51B|ENSG00000182185.19|EH38E1723194_fwd_tile1-1
cardiac_neuro_cava_random:REF_RAD51B|ENSG00000182185.19|EH38E3101183_fwd_tile1-1
cardiac_neuro_cava_random:REF_RAD51B|ENSG00000182185.19|EH38E3101206_fwd_tile1-1
cardiac_neuro_cava_random:REF_RAD51B|ENSG00000182185.19|EH38E3101252_fwd_tile1-1
cardiac_neuro_cava_random:REF_RAD51B|ENSG00000182185.19|EH38E1723354_fwd_tile1-1
cardiac_neuro_cava_random:REF_RAD51B|ENSG00000182185.19|EH38E1723389_fwd_tile1-1
cardiac_neuro_cava_random:REF_RAD51B|ENSG00000182185.19|EH38E1723391_fwd_tile1-1
cardiac_neuro_cava_random:REF_RAD51B|ENSG00000182185.19|EH38E3101308_fwd_tile1-1
cardiac_neuro_cava_random:REF_RAD51B|ENSG00000182185.19|EH38E1723539_fwd_tile1-1
cardiac_neuro_cava_random:REF_RAD51B|ENSG00000182185.19|EH38E3101415_fwd_tile1-1
cardiac_neuro_cava_random:REF_RAD51B|ENSG00000182185.19|EH38E1723668_fwd_tile1-1
cardiac_neuro_cava_random:REF_RAD51B|ENSG00000182185.19|EH38E3101477_fwd_tile1-1
cardiac_neuro_cava_random:REF_RAD51B|ENSG00000182185.19|EH38E1723777_fwd_tile1-1
cardiac_neuro_cava_random:REF_RAD51B|ENSG00000182185.19|EH38E1723809_fwd_tile1-1
cardiac_neuro_cava_random:REF_TGFB3|ENSG00000119699.8|EH38E3105727_rev_tile1-1
cardiac_neuro_cava_random:REF_TGFB3|ENSG00000119699.8|EH38E1729130_rev_tile1-1
cardiac_neuro_cava_random:REF_TGFB3|ENSG00000119699.8|EH38E3105740_rev_tile1-1
cardiac_neuro_cava_random:REF_IRF2BPL|ENSG00000119669.5|EH38E3106339_rev_tile1-1
cardiac_neuro_cava_random:REF_NRXN3|ENSG00000021645.20|EH38E1730598_fwd_tile1-1
cardiac_neuro_cava_random:REF_NRXN3|ENSG00000021645.20|EH38E1730600_fwd_tile1-1
cardiac_neuro_cava_random:REF_NRXN3|ENSG00000021645.20|EH38E1730606_fwd_tile1-1
cardiac_neuro_cava_random:REF_NRXN3|ENSG00000021645.20|EH38E1730643_fwd_tile1-1
cardiac_neuro_cava_random:REF_NRXN3|ENSG00000021645.20|EH38E3106983_fwd_tile1-1
cardiac_neuro_cava_random:REF_NRXN3|ENSG00000021645.20|EH38E1730689_fwd_tile1-1
cardiac_neuro_cava_random:REF_NRXN3|ENSG00000021645.20|EH38E3107012_fwd_tile1-1
cardiac_neuro_cava_random:REF_NRXN3|ENSG00000021645.20|EH38E1730721_fwd_tile1-1
cardiac_neuro_cava_random:REF_NRXN3|ENSG00000021645.20|EH38E1730823_fwd_tile1-1
cardiac_neuro_cava_random:REF_NRXN3|ENSG00000021645.20|EH38E3107154_fwd_tile1-1
cardiac_neuro_cava_random:REF_DICER1|ENSG00000100697.17|EH38E1738705_rev_tile1-1
cardiac_neuro_cava_random:REF_DICER1|ENSG00000100697.17|EH38E3113369_rev_tile1-1
cardiac_neuro_cava_random:REF_YY1|ENSG00000100811.15|EH38E3116240_fwd_tile1-1
cardiac_neuro_cava_random:REF_YY1|ENSG00000100811.15|EH38E1742200_fwd_tile1-1
cardiac_neuro_cava_random:REF_PACS2|ENSG00000179364.15|EH38E3121303_fwd_tile1-1
cardiac_neuro_cava_random:REF_PACS2|ENSG00000179364.15|EH38E3121307_fwd_tile1-1
cardiac_neuro_cava_random:REF_MAGEL2|ENSG00000254585.5|EH38E1748182_rev_tile1-1
cardiac_neuro_cava_random:REF_UBE3A|ENSG00000114062.22|EH38E1748422_rev_tile1-1
cardiac_neuro_cava_random:REF_UBE3A|ENSG00000114062.22|EH38E1748467_rev_tile1-1
cardiac_neuro_cava_random:REF_UBE3A|ENSG00000114062.22|EH38E1748479_rev_tile1-1
cardiac_neuro_cava_random:REF_GABRA5|ENSG00000186297.12|EH38E3124123_fwd_tile1-1
cardiac_neuro_cava_random:REF_ACTC1|ENSG00000159251.8|EH38E1752524_rev_tile1-1
cardiac_neuro_cava_random:REF_ACTC1|ENSG00000159251.8|EH38E3127111_rev_tile1-1
cardiac_neuro_cava_random:REF_MEIS2|ENSG00000134138.22|EH38E3127699_rev_tile1-1
cardiac_neuro_cava_random:REF_MEIS2|ENSG00000134138.22|EH38E1753595_rev_tile1-1
cardiac_neuro_cava_random:REF_MEIS2|ENSG00000134138.22|EH38E1753611_rev_tile1-1
cardiac_neuro_cava_random:REF_MEIS2|ENSG00000134138.22|EH38E3127783_rev_tile1-1
cardiac_neuro_cava_random:REF_MEIS2|ENSG00000134138.22|EH38E3127801_rev_tile1-1
cardiac_neuro_cava_random:REF_RAD51|ENSG00000051180.17|EH38E3129621_fwd_tile1-1
cardiac_neuro_cava_random:REF_UBR1|ENSG00000159459.12|EH38E1757605_rev_tile1-1
cardiac_neuro_cava_random:REF_UBR1|ENSG00000159459.12|EH38E3130980_rev_tile1-1
cardiac_neuro_cava_random:REF_FBN1|ENSG00000166147.15|EH38E3132774_rev_tile1-1
cardiac_neuro_cava_random:REF_FBN1|ENSG00000166147.15|EH38E3132818_rev_tile1-1
cardiac_neuro_cava_random:REF_FBN1|ENSG00000166147.15|EH38E3132858_rev_tile1-1
cardiac_neuro_cava_random:REF_TPM1|ENSG00000140416.24|EH38E3138787_fwd_tile1-1
cardiac_neuro_cava_random:REF_TPM1|ENSG00000140416.24|EH38E1768705_fwd_tile1-1
cardiac_neuro_cava_random:REF_TPM1|ENSG00000140416.24|EH38E3138852_fwd_tile1-1
cardiac_neuro_cava_random:REF_SMAD6|ENSG00000137834.15|EH38E3141146_fwd_tile1-1
cardiac_neuro_cava_random:REF_SMAD3|ENSG00000166949.17|EH38E3141454_fwd_tile1-1
cardiac_neuro_cava_random:REF_SMAD3|ENSG00000166949.17|EH38E1772072_fwd_tile1-1
cardiac_neuro_cava_random:REF_SMAD3|ENSG00000166949.17|EH38E1772077_fwd_tile1-1
cardiac_neuro_cava_random:REF_SMAD3|ENSG00000166949.17|EH38E3141531_fwd_tile1-1
cardiac_neuro_cava_random:REF_SMAD3|ENSG00000166949.17|EH38E1772150_fwd_tile1-1
cardiac_neuro_cava_random:REF_SMAD3|ENSG00000166949.17|EH38E3141580_fwd_tile1-1
cardiac_neuro_cava_random:REF_HIGD2B|ENSG00000175202.6|EH38E3144917_rev_tile1-1
cardiac_neuro_cava_random:REF_SIN3A|ENSG00000169375.17|EH38E3146827_rev_tile1-1
cardiac_neuro_cava_random:REF_MORF4L1|ENSG00000185787.15|EH38E3148979_fwd_tile1-1
cardiac_neuro_cava_random:REF_LINC01583|ENSG00000259518.2|EH38E3150540_fwd_tile1-1
cardiac_neuro_cava_random:REF_ALPK3|ENSG00000136383.7|EH38E3151530_fwd_tile1-1
cardiac_neuro_cava_random:REF_ALPK3|ENSG00000136383.7|EH38E1783999_fwd_tile1-1
cardiac_neuro_cava_random:REF_NR2F2|ENSG00000185551.15|EH38E1790909_fwd_tile1-1
cardiac_neuro_cava_random:REF_NR2F2|ENSG00000185551.15|EH38E3157094_fwd_tile1-1
cardiac_neuro_cava_random:REF_PIGQ|ENSG00000007541.17|EH38E1794842_fwd_tile1-1
cardiac_neuro_cava_random:REF_PIGQ|ENSG00000007541.17|EH38E3160629_fwd_tile1-1
cardiac_neuro_cava_random:REF_PIGQ|ENSG00000007541.17|EH38E1794892_fwd_tile1-1
cardiac_neuro_cava_random:REF_NTHL1|ENSG00000065057.9|EH38E1796292_rev_tile1-1
cardiac_neuro_cava_random:REF_SLX4|ENSG00000188827.12|EH38E3164470_rev_tile1-1
cardiac_neuro_cava_random:REF_SLX4|ENSG00000188827.12|EH38E1797691_rev_tile1-1
cardiac_neuro_cava_random:REF_CREBBP|ENSG00000005339.15|EH38E3164625_rev_tile1-1
cardiac_neuro_cava_random:REF_GRIN2A|ENSG00000183454.18|EH38E3167343_rev_tile1-1
cardiac_neuro_cava_random:REF_GRIN2A|ENSG00000183454.18|EH38E3167374_rev_tile1-1
cardiac_neuro_cava_random:REF_MYH11|ENSG00000133392.18|EH38E3170555_rev_tile1-1
cardiac_neuro_cava_random:REF_MYH11|ENSG00000133392.18|EH38E1804465_rev_tile1-1
cardiac_neuro_cava_random:REF_PALB2|ENSG00000083093.11|EH38E3173457_rev_tile1-1
cardiac_neuro_cava_random:REF_CORO1A|ENSG00000102879.17|EH38E3176660_fwd_tile1-1
cardiac_neuro_cava_random:REF_SRCAP|ENSG00000080603.17|EH38E3177152_fwd_tile1-1
cardiac_neuro_cava_random:REF_BCKDK|ENSG00000103507.14|EH38E3177524_fwd_tile1-1
cardiac_neuro_cava_random:REF_FTO|ENSG00000140718.21|EH38E1816413_fwd_tile1-1
cardiac_neuro_cava_random:REF_FTO|ENSG00000140718.21|EH38E3181209_fwd_tile1-1
cardiac_neuro_cava_random:REF_FTO|ENSG00000140718.21|EH38E3181218_fwd_tile1-1
cardiac_neuro_cava_random:REF_FTO|ENSG00000140718.21|EH38E1816486_fwd_tile1-1
cardiac_neuro_cava_random:REF_FTO|ENSG00000140718.21|EH38E3181322_fwd_tile1-1
cardiac_neuro_cava_random:REF_FTO|ENSG00000140718.21|EH38E1816620_fwd_tile1-1
cardiac_neuro_cava_random:REF_FTO|ENSG00000140718.21|EH38E1816621_fwd_tile1-1
cardiac_neuro_cava_random:REF_FTO|ENSG00000140718.21|EH38E1816661_fwd_tile1-1
cardiac_neuro_cava_random:REF_FTO|ENSG00000140718.21|EH38E3181365_fwd_tile1-1
cardiac_neuro_cava_random:REF_FTO|ENSG00000140718.21|EH38E3181386_fwd_tile1-1
cardiac_neuro_cava_random:REF_IRX3|ENSG00000177508.12|EH38E1816797_rev_tile1-1
cardiac_neuro_cava_random:REF_IRX3|ENSG00000177508.12|EH38E3181492_rev_tile1-1
cardiac_neuro_cava_random:REF_GNAO1|ENSG00000087258.16|EH38E3182160_fwd_tile1-1
cardiac_neuro_cava_random:REF_GNAO1|ENSG00000087258.16|EH38E1817778_fwd_tile1-1
cardiac_neuro_cava_random:REF_GNAO1|ENSG00000087258.16|EH38E1817811_fwd_tile1-1
cardiac_neuro_cava_random:REF_GNAO1|ENSG00000087258.16|EH38E3182330_fwd_tile1-1
cardiac_neuro_cava_random:REF_GOT2|ENSG00000125166.13|EH38E3184258_rev_tile1-1
cardiac_neuro_cava_random:REF_GOT2|ENSG00000125166.13|EH38E3184260_rev_tile1-1
cardiac_neuro_cava_random:REF_B3GNT9|ENSG00000237172.4|EH38E1822644_rev_tile1-1
cardiac_neuro_cava_random:REF_CTCF|ENSG00000102974.16|EH38E3186880_fwd_tile1-1
cardiac_neuro_cava_random:REF_CDH1|ENSG00000039068.20|EH38E1824099_fwd_tile1-1
cardiac_neuro_cava_random:REF_CDH1|ENSG00000039068.20|EH38E1824101_fwd_tile1-1
cardiac_neuro_cava_random:REF_CDH1|ENSG00000039068.20|EH38E3187943_fwd_tile1-1
cardiac_neuro_cava_random:REF_CDH1|ENSG00000039068.20|EH38E1824141_fwd_tile1-1
cardiac_neuro_cava_random:REF_CDH1|ENSG00000039068.20|EH38E3187961_fwd_tile1-1
cardiac_neuro_cava_random:REF_WWOX|ENSG00000186153.18|EH38E3192081_fwd_tile1-1
cardiac_neuro_cava_random:REF_WWOX|ENSG00000186153.18|EH38E3192100_fwd_tile1-1
cardiac_neuro_cava_random:REF_WWOX|ENSG00000186153.18|EH38E3192145_fwd_tile1-1
cardiac_neuro_cava_random:REF_WWOX|ENSG00000186153.18|EH38E3192167_fwd_tile1-1
cardiac_neuro_cava_random:REF_WWOX|ENSG00000186153.18|EH38E3192168_fwd_tile1-1
cardiac_neuro_cava_random:REF_WWOX|ENSG00000186153.18|EH38E3192210_fwd_tile1-1
cardiac_neuro_cava_random:REF_WWOX|ENSG00000186153.18|EH38E3192214_fwd_tile1-1
cardiac_neuro_cava_random:REF_WWOX|ENSG00000186153.18|EH38E3192241_fwd_tile1-1
cardiac_neuro_cava_random:REF_WWOX|ENSG00000186153.18|EH38E3192275_fwd_tile1-1
cardiac_neuro_cava_random:REF_WWOX|ENSG00000186153.18|EH38E1829653_fwd_tile1-1
cardiac_neuro_cava_random:REF_WWOX|ENSG00000186153.18|EH38E3192336_fwd_tile1-1
cardiac_neuro_cava_random:REF_WWOX|ENSG00000186153.18|EH38E3192339_fwd_tile1-1
cardiac_neuro_cava_random:REF_WWOX|ENSG00000186153.18|EH38E3192350_fwd_tile1-1
cardiac_neuro_cava_random:REF_WWOX|ENSG00000186153.18|EH38E1829764_fwd_tile1-1
cardiac_neuro_cava_random:REF_WWOX|ENSG00000186153.18|EH38E3192408_fwd_tile1-1
cardiac_neuro_cava_random:REF_WWOX|ENSG00000186153.18|EH38E1829950_fwd_tile1-1
cardiac_neuro_cava_random:REF_WWOX|ENSG00000186153.18|EH38E1829980_fwd_tile1-1
cardiac_neuro_cava_random:REF_WWOX|ENSG00000186153.18|EH38E1829988_fwd_tile1-1
cardiac_neuro_cava_random:REF_WWOX|ENSG00000186153.18|EH38E3192529_fwd_tile1-1
cardiac_neuro_cava_random:REF_ANKRD11|ENSG00000167522.17|EH38E1838152_rev_tile1-1
cardiac_neuro_cava_random:REF_ANKRD11|ENSG00000167522.17|EH38E3200802_rev_tile1-1
cardiac_neuro_cava_random:REF_ANKRD11|ENSG00000167522.17|EH38E3200870_rev_tile1-1
cardiac_neuro_cava_random:REF_SLC13A5|ENSG00000141485.17|EH38E1843783_rev_tile1-1
cardiac_neuro_cava_random:REF_SLC13A5|ENSG00000141485.17|EH38E1843811_rev_tile1-1
cardiac_neuro_cava_random:REF_DLG4|ENSG00000132535.22|EH38E3206640_rev_tile1-1
cardiac_neuro_cava_random:REF_NLGN2|ENSG00000169992.10|EH38E3206945_fwd_tile1-1
cardiac_neuro_cava_random:REF_CHD3|ENSG00000170004.19|EH38E3207485_fwd_tile1-1
cardiac_neuro_cava_random:REF_PIGL|ENSG00000108474.17|EH38E1849293_fwd_tile1-1
cardiac_neuro_cava_random:REF_PIGL|ENSG00000108474.17|EH38E1849320_fwd_tile1-1
cardiac_neuro_cava_random:REF_FLCN|ENSG00000154803.13|EH38E3211652_rev_tile1-1
cardiac_neuro_cava_random:REF_RAI1|ENSG00000108557.20|EH38E1850581_fwd_tile1-1
cardiac_neuro_cava_random:REF_SREBF1|ENSG00000072310.18|EH38E1850653_rev_tile1-1
cardiac_neuro_cava_random:REF_PHF12|ENSG00000109118.14|EH38E3215965_rev_tile1-1
cardiac_neuro_cava_random:REF_PHF12|ENSG00000109118.14|EH38E3215966_rev_tile1-1
cardiac_neuro_cava_random:REF_PHF12|ENSG00000109118.14|EH38E3216044_rev_tile1-1
cardiac_neuro_cava_random:REF_TAOK1|ENSG00000160551.12|EH38E3216476_fwd_tile1-1
cardiac_neuro_cava_random:REF_NF1|ENSG00000196712.20|EH38E3217337_fwd_tile1-1
cardiac_neuro_cava_random:REF_TCAP|ENSG00000173991.6|EH38E1861051_fwd_tile1-1
cardiac_neuro_cava_random:REF_TCAP|ENSG00000173991.6|EH38E3221774_fwd_tile1-1
cardiac_neuro_cava_random:REF_JUP|ENSG00000173801.17|EH38E3223425_rev_tile1-1
cardiac_neuro_cava_random:REF_JUP|ENSG00000173801.17|EH38E3223508_rev_tile1-1
cardiac_neuro_cava_random:REF_ATP6V0A1|ENSG00000033627.18|EH38E1863568_fwd_tile1-1
cardiac_neuro_cava_random:REF_ATP6V0A1|ENSG00000033627.18|EH38E1863574_fwd_tile1-1
cardiac_neuro_cava_random:REF_ATP6V0A1|ENSG00000033627.18|EH38E3224164_fwd_tile1-1
cardiac_neuro_cava_random:REF_ATP6V0A1|ENSG00000033627.18|EH38E3224214_fwd_tile1-1
cardiac_neuro_cava_random:REF_ATP6V0A1|ENSG00000033627.18|EH38E1863692_fwd_tile1-1
cardiac_neuro_cava_random:REF_GFAP|ENSG00000131095.14|EH38E1865526_rev_tile1-1
cardiac_neuro_cava_random:REF_KANSL1|ENSG00000120071.15|EH38E3227015_rev_tile1-1
cardiac_neuro_cava_random:REF_KANSL1|ENSG00000120071.15|EH38E1866468_rev_tile1-1
cardiac_neuro_cava_random:REF_KANSL1|ENSG00000120071.15|EH38E1866502_rev_tile1-1
cardiac_neuro_cava_random:REF_KANSL1|ENSG00000120071.15|EH38E1866542_rev_tile1-1
cardiac_neuro_cava_random:REF_KANSL1|ENSG00000120071.15|EH38E3227098_rev_tile1-1
cardiac_neuro_cava_random:REF_KANSL1|ENSG00000120071.15|EH38E3227172_rev_tile1-1
cardiac_neuro_cava_random:REF_PPP1R9B|ENSG00000108819.11|EH38E1869754_rev_tile1-1
cardiac_neuro_cava_random:REF_PPP1R9B|ENSG00000108819.11|EH38E3229922_rev_tile1-1
cardiac_neuro_cava_random:REF_MED13|ENSG00000108510.10|EH38E3235751_rev_tile1-1
cardiac_neuro_cava_random:REF_TLK2|ENSG00000146872.19|EH38E1876831_fwd_tile1-1
cardiac_neuro_cava_random:REF_TANC2|ENSG00000170921.16|EH38E3236201_fwd_tile1-1
cardiac_neuro_cava_random:REF_TANC2|ENSG00000170921.16|EH38E3236212_fwd_tile1-1
cardiac_neuro_cava_random:REF_TANC2|ENSG00000170921.16|EH38E1877276_fwd_tile1-1
cardiac_neuro_cava_random:REF_TANC2|ENSG00000170921.16|EH38E1877290_fwd_tile1-1
cardiac_neuro_cava_random:REF_TANC2|ENSG00000170921.16|EH38E1877315_fwd_tile1-1
cardiac_neuro_cava_random:REF_PSMD12|ENSG00000197170.10|EH38E1880427_rev_tile1-1
cardiac_neuro_cava_random:REF_PSMD12|ENSG00000197170.10|EH38E1880500_rev_tile1-1
cardiac_neuro_cava_random:REF_PSMD12|ENSG00000197170.10|EH38E3238907_rev_tile1-1
cardiac_neuro_cava_random:REF_HID1|ENSG00000167861.16|EH38E3242869_rev_tile1-1
cardiac_neuro_cava_random:REF_HID1|ENSG00000167861.16|EH38E3242942_rev_tile1-1
cardiac_neuro_cava_random:REF_HID1|ENSG00000167861.16|EH38E3242963_rev_tile1-1
cardiac_neuro_cava_random:REF_HID1|ENSG00000167861.16|EH38E3242967_rev_tile1-1
cardiac_neuro_cava_random:REF_MYOM1|ENSG00000101605.14|EH38E3253942_rev_tile1-1
cardiac_neuro_cava_random:REF_MYOM1|ENSG00000101605.14|EH38E3253944_rev_tile1-1
cardiac_neuro_cava_random:REF_MYOM1|ENSG00000101605.14|EH38E1895588_rev_tile1-1
cardiac_neuro_cava_random:REF_MYOM1|ENSG00000101605.14|EH38E3253949_rev_tile1-1
cardiac_neuro_cava_random:REF_MYOM1|ENSG00000101605.14|EH38E1895605_rev_tile1-1
cardiac_neuro_cava_random:REF_MYOM1|ENSG00000101605.14|EH38E1895613_rev_tile1-1
cardiac_neuro_cava_random:REF_MYOM1|ENSG00000101605.14|EH38E3253968_rev_tile1-1
cardiac_neuro_cava_random:REF_MYOM1|ENSG00000101605.14|EH38E1895650_rev_tile1-1
cardiac_neuro_cava_random:REF_GATA6|ENSG00000141448.11|EH38E3259463_fwd_tile1-1
cardiac_neuro_cava_random:REF_GATA6|ENSG00000141448.11|EH38E1903123_fwd_tile1-1
cardiac_neuro_cava_random:REF_CDH2|ENSG00000170558.10|EH38E3261803_rev_tile1-1
cardiac_neuro_cava_random:REF_CDH2|ENSG00000170558.10|EH38E1906658_rev_tile1-1
cardiac_neuro_cava_random:REF_CDH2|ENSG00000170558.10|EH38E1906692_rev_tile1-1
cardiac_neuro_cava_random:REF_TTR|ENSG00000118271.12|EH38E1907608_fwd_tile1-1
cardiac_neuro_cava_random:REF_ASXL3|ENSG00000141431.14|EH38E3262955_fwd_tile1-1
cardiac_neuro_cava_random:REF_DTNA|ENSG00000134769.23|EH38E3263241_fwd_tile1-1
cardiac_neuro_cava_random:REF_CELF4|ENSG00000101489.20|EH38E3264338_rev_tile1-1
cardiac_neuro_cava_random:REF_CELF4|ENSG00000101489.20|EH38E3264350_rev_tile1-1
cardiac_neuro_cava_random:REF_CELF4|ENSG00000101489.20|EH38E1910506_rev_tile1-1
cardiac_neuro_cava_random:REF_SETBP1|ENSG00000152217.20|EH38E1912723_fwd_tile1-1
cardiac_neuro_cava_random:REF_KATNAL2|ENSG00000167216.19|EH38E1914121_fwd_tile1-1
cardiac_neuro_cava_random:REF_KATNAL2|ENSG00000167216.19|EH38E1914130_fwd_tile1-1
cardiac_neuro_cava_random:REF_SMAD2|ENSG00000175387.16|EH38E3267199_rev_tile1-1
cardiac_neuro_cava_random:REF_SMAD2|ENSG00000175387.16|EH38E3267206_rev_tile1-1
cardiac_neuro_cava_random:REF_SMAD2|ENSG00000175387.16|EH38E3267219_rev_tile1-1
cardiac_neuro_cava_random:REF_SMAD2|ENSG00000175387.16|EH38E3267226_rev_tile1-1
cardiac_neuro_cava_random:REF_SMAD2|ENSG00000175387.16|EH38E1914481_rev_tile1-1
cardiac_neuro_cava_random:REF_SMAD4|ENSG00000141646.15|EH38E3269089_fwd_tile1-1
cardiac_neuro_cava_random:REF_SMAD4|ENSG00000141646.15|EH38E1916814_fwd_tile1-1
cardiac_neuro_cava_random:REF_SMAD4|ENSG00000141646.15|EH38E1916816_fwd_tile1-1
cardiac_neuro_cava_random:REF_SMAD4|ENSG00000141646.15|EH38E3269106_fwd_tile1-1
cardiac_neuro_cava_random:REF_TCF4|ENSG00000196628.20|EH38E3270017_rev_tile1-1
cardiac_neuro_cava_random:REF_TCF4|ENSG00000196628.20|EH38E3270020_rev_tile1-1
cardiac_neuro_cava_random:REF_TCF4|ENSG00000196628.20|EH38E3270038_rev_tile1-1
cardiac_neuro_cava_random:REF_TCF4|ENSG00000196628.20|EH38E3270057_rev_tile1-1
cardiac_neuro_cava_random:REF_TCF4|ENSG00000196628.20|EH38E3270091_rev_tile1-1
cardiac_neuro_cava_random:REF_TCF4|ENSG00000196628.20|EH38E3270105_rev_tile1-1
cardiac_neuro_cava_random:REF_TCF4|ENSG00000196628.20|EH38E1918432_rev_tile1-1
cardiac_neuro_cava_random:REF_TCF4|ENSG00000196628.20|EH38E1918496_rev_tile1-1
cardiac_neuro_cava_random:REF_TCF4|ENSG00000196628.20|EH38E3270195_rev_tile1-1
cardiac_neuro_cava_random:REF_TCF4|ENSG00000196628.20|EH38E1918559_rev_tile1-1
cardiac_neuro_cava_random:REF_TCF4|ENSG00000196628.20|EH38E3270240_rev_tile1-1
cardiac_neuro_cava_random:REF_MALT1|ENSG00000172175.16|EH38E1920493_fwd_tile1-1
cardiac_neuro_cava_random:REF_MALT1|ENSG00000172175.16|EH38E3271547_fwd_tile1-1
cardiac_neuro_cava_random:REF_MALT1|ENSG00000172175.16|EH38E3271586_fwd_tile1-1
cardiac_neuro_cava_random:REF_EIF3G|ENSG00000130811.12|EH38E3289133_rev_tile1-1
cardiac_neuro_cava_random:REF_SMARCA4|ENSG00000127616.21|EH38E3290063_fwd_tile1-1
cardiac_neuro_cava_random:REF_SMARCA4|ENSG00000127616.21|EH38E3290082_fwd_tile1-1
cardiac_neuro_cava_random:REF_NACC1|ENSG00000160877.7|EH38E1940419_fwd_tile1-1
cardiac_neuro_cava_random:REF_CALR3|ENSG00000269058.6|EH38E3294278_rev_tile1-1
cardiac_neuro_cava_random:REF_GDF1|ENSG00000130283.9|EH38E3296682_rev_tile1-1
cardiac_neuro_cava_random:REF_TSHZ3|ENSG00000121297.8|EH38E1948720_rev_tile1-1
cardiac_neuro_cava_random:REF_SCN1B|ENSG00000105711.14|EH38E3302279_fwd_tile1-1
cardiac_neuro_cava_random:REF_PPP5C|ENSG00000011485.15|EH38E3310431_fwd_tile1-1
cardiac_neuro_cava_random:REF_PPP5C|ENSG00000011485.15|EH38E3310498_fwd_tile1-1
cardiac_neuro_cava_random:REF_PPP5C|ENSG00000011485.15|EH38E3310499_fwd_tile1-1
cardiac_neuro_cava_random:REF_PPP5C|ENSG00000011485.15|EH38E3310507_fwd_tile1-1
cardiac_neuro_cava_random:REF_FKRP|ENSG00000181027.11|EH38E3310801_fwd_tile1-1
cardiac_neuro_cava_random:REF_FKRP|ENSG00000181027.11|EH38E3310803_fwd_tile1-1
cardiac_neuro_cava_random:REF_FKRP|ENSG00000181027.11|EH38E1958643_fwd_tile1-1
cardiac_neuro_cava_random:REF_GRIN2D|ENSG00000105464.4|EH38E3312182_fwd_tile1-1
cardiac_neuro_cava_random:REF_GRIN2D|ENSG00000105464.4|EH38E3312203_fwd_tile1-1
cardiac_neuro_cava_random:REF_GRIN2D|ENSG00000105464.4|EH38E1959926_fwd_tile1-1
cardiac_neuro_cava_random:REF_IZUMO1|ENSG00000182264.9|EH38E3312562_rev_tile1-1
cardiac_neuro_cava_random:REF_IZUMO1|ENSG00000182264.9|EH38E1960234_rev_tile1-1
cardiac_neuro_cava_random:REF_IZUMO1|ENSG00000182264.9|EH38E3312662_rev_tile1-1
cardiac_neuro_cava_random:REF_PRR12|ENSG00000126464.15|EH38E3313435_fwd_tile1-1
cardiac_neuro_cava_random:REF_PRR12|ENSG00000126464.15|EH38E3313574_fwd_tile1-1
cardiac_neuro_cava_random:REF_PNKP|ENSG00000039650.12|EH38E3313774_rev_tile1-1
cardiac_neuro_cava_random:REF_PNKP|ENSG00000039650.12|EH38E3313777_rev_tile1-1
cardiac_neuro_cava_random:REF_CNOT3|ENSG00000088038.20|EH38E3316479_fwd_tile1-1
cardiac_neuro_cava_random:REF_MBOAT7|ENSG00000125505.17|EH38E3316495_rev_tile1-1
cardiac_neuro_cava_random:REF_TNNI3|ENSG00000129991.13|EH38E1964550_rev_tile1-1
cardiac_neuro_cava_random:REF_TNNI3|ENSG00000129991.13|EH38E1964553_rev_tile1-1
cardiac_neuro_cava_random:REF_MYT1L|ENSG00000186487.21|EH38E1967523_rev_tile1-1
cardiac_neuro_cava_random:REF_MYT1L|ENSG00000186487.21|EH38E3320287_rev_tile1-1
cardiac_neuro_cava_random:REF_MYT1L|ENSG00000186487.21|EH38E1967563_rev_tile1-1
cardiac_neuro_cava_random:REF_MYT1L|ENSG00000186487.21|EH38E3320360_rev_tile1-1
cardiac_neuro_cava_random:REF_MYT1L|ENSG00000186487.21|EH38E3320445_rev_tile1-1
cardiac_neuro_cava_random:REF_MYT1L|ENSG00000186487.21|EH38E1967703_rev_tile1-1
cardiac_neuro_cava_random:REF_MYT1L|ENSG00000186487.21|EH38E3320511_rev_tile1-1
cardiac_neuro_cava_random:REF_NCOA1|ENSG00000084676.16|EH38E3331053_fwd_tile1-1
cardiac_neuro_cava_random:REF_DNMT3A|ENSG00000119772.19|EH38E3331382_rev_tile1-1
cardiac_neuro_cava_random:REF_CAD|ENSG00000084774.14|EH38E3332853_fwd_tile1-1
cardiac_neuro_cava_random:REF_CAD|ENSG00000084774.14|EH38E3332856_fwd_tile1-1
cardiac_neuro_cava_random:REF_CAD|ENSG00000084774.14|EH38E3332871_fwd_tile1-1
cardiac_neuro_cava_random:REF_SOS1|ENSG00000115904.15|EH38E3337917_rev_tile1-1
cardiac_neuro_cava_random:REF_SOS1|ENSG00000115904.15|EH38E1989571_rev_tile1-1
cardiac_neuro_cava_random:REF_SOS1|ENSG00000115904.15|EH38E3337958_rev_tile1-1
cardiac_neuro_cava_random:REF_NRXN1|ENSG00000179915.25|EH38E1997261_rev_tile1-1
cardiac_neuro_cava_random:REF_NRXN1|ENSG00000179915.25|EH38E3343558_rev_tile1-1
cardiac_neuro_cava_random:REF_NRXN1|ENSG00000179915.25|EH38E3343580_rev_tile1-1
cardiac_neuro_cava_random:REF_BCL11A|ENSG00000119866.22|EH38E2001284_rev_tile1-1
cardiac_neuro_cava_random:REF_MDH1|ENSG00000014641.21|EH38E2003136_fwd_tile1-1
cardiac_neuro_cava_random:REF_UGP2|ENSG00000169764.16|EH38E2003316_fwd_tile1-1
cardiac_neuro_cava_random:REF_UGP2|ENSG00000169764.16|EH38E2003341_fwd_tile1-1
cardiac_neuro_cava_random:REF_MOGS|ENSG00000115275.15|EH38E2010389_rev_tile1-1
cardiac_neuro_cava_random:REF_MOGS|ENSG00000115275.15|EH38E3353048_rev_tile1-1
cardiac_neuro_cava_random:REF_MOGS|ENSG00000115275.15|EH38E2010409_rev_tile1-1
cardiac_neuro_cava_random:REF_MOGS|ENSG00000115275.15|EH38E3353144_rev_tile1-1
cardiac_neuro_cava_random:REF_FHL2|ENSG00000115641.19|EH38E3362394_rev_tile1-1
cardiac_neuro_cava_random:REF_FHL2|ENSG00000115641.19|EH38E2021855_rev_tile1-1
cardiac_neuro_cava_random:REF_NR4A2|ENSG00000153234.16|EH38E3379116_rev_tile1-1
cardiac_neuro_cava_random:REF_ACVR1|ENSG00000115170.16|EH38E3379554_rev_tile1-1
cardiac_neuro_cava_random:REF_ACVR1|ENSG00000115170.16|EH38E2043815_rev_tile1-1
cardiac_neuro_cava_random:REF_ACVR1|ENSG00000115170.16|EH38E3379614_rev_tile1-1
cardiac_neuro_cava_random:REF_ACVR1|ENSG00000115170.16|EH38E3379615_rev_tile1-1
cardiac_neuro_cava_random:REF_BAZ2B|ENSG00000123636.19|EH38E2044927_rev_tile1-1
cardiac_neuro_cava_random:REF_BAZ2B|ENSG00000123636.19|EH38E2045006_rev_tile1-1
cardiac_neuro_cava_random:REF_SCN3A|ENSG00000153253.20|EH38E2047823_rev_tile1-1
cardiac_neuro_cava_random:REF_SCN3A|ENSG00000153253.20|EH38E2047830_rev_tile1-1
cardiac_neuro_cava_random:REF_SCN3A|ENSG00000153253.20|EH38E2047831_rev_tile1-1
cardiac_neuro_cava_random:REF_SCN3A|ENSG00000153253.20|EH38E2047866_rev_tile1-1
cardiac_neuro_cava_random:REF_SCN3A|ENSG00000153253.20|EH38E3382161_rev_tile1-1
cardiac_neuro_cava_random:REF_SLC25A12|ENSG00000115840.14|EH38E2051307_rev_tile1-1
cardiac_neuro_cava_random:REF_TTN|ENSG00000155657.29|EH38E2055681_rev_tile1-1
cardiac_neuro_cava_random:REF_TTN|ENSG00000155657.29|EH38E2055683_rev_tile1-1
cardiac_neuro_cava_random:REF_TTN|ENSG00000155657.29|EH38E2055687_rev_tile1-1
cardiac_neuro_cava_random:REF_TTN|ENSG00000155657.29|EH38E3387485_rev_tile1-1
cardiac_neuro_cava_random:REF_TTN|ENSG00000155657.29|EH38E2055755_rev_tile1-1
cardiac_neuro_cava_random:REF_TTN|ENSG00000155657.29|EH38E2055795_rev_tile1-1
cardiac_neuro_cava_random:REF_TTN|ENSG00000155657.29|EH38E3387527_rev_tile1-1
cardiac_neuro_cava_random:REF_NCKAP1|ENSG00000061676.16|EH38E2057838_rev_tile1-1
cardiac_neuro_cava_random:REF_NCKAP1|ENSG00000061676.16|EH38E3388736_rev_tile1-1
cardiac_neuro_cava_random:REF_NCKAP1|ENSG00000061676.16|EH38E3388754_rev_tile1-1
cardiac_neuro_cava_random:REF_NCKAP1|ENSG00000061676.16|EH38E3388787_rev_tile1-1
cardiac_neuro_cava_random:REF_CPS1|ENSG00000021826.18|EH38E3397490_fwd_tile1-1
cardiac_neuro_cava_random:REF_CPS1|ENSG00000021826.18|EH38E3397523_fwd_tile1-1
cardiac_neuro_cava_random:REF_CPS1|ENSG00000021826.18|EH38E3397530_fwd_tile1-1
cardiac_neuro_cava_random:REF_ANKZF1|ENSG00000163516.14|EH38E3401165_fwd_tile1-1
cardiac_neuro_cava_random:REF_ANKZF1|ENSG00000163516.14|EH38E3401197_fwd_tile1-1
cardiac_neuro_cava_random:REF_CUL3|ENSG00000036257.14|EH38E3403481_rev_tile1-1
cardiac_neuro_cava_random:REF_CUL3|ENSG00000036257.14|EH38E2079074_rev_tile1-1
cardiac_neuro_cava_random:REF_CUL3|ENSG00000036257.14|EH38E3403488_rev_tile1-1
cardiac_neuro_cava_random:REF_CUL3|ENSG00000036257.14|EH38E2079096_rev_tile1-1
cardiac_neuro_cava_random:REF_TRIP12|ENSG00000153827.15|EH38E2081675_rev_tile1-1
cardiac_neuro_cava_random:REF_TRIP12|ENSG00000153827.15|EH38E3405357_rev_tile1-1
cardiac_neuro_cava_random:REF_GIGYF2|ENSG00000204120.16|EH38E2083751_fwd_tile1-1
cardiac_neuro_cava_random:REF_HDLBP|ENSG00000115677.18|EH38E2090586_rev_tile1-1
cardiac_neuro_cava_random:REF_ITPA|ENSG00000125877.13|EH38E3416862_fwd_tile1-1
cardiac_neuro_cava_random:REF_PLCB1|ENSG00000182621.18|EH38E2096117_fwd_tile1-1
cardiac_neuro_cava_random:REF_PLCB1|ENSG00000182621.18|EH38E3419064_fwd_tile1-1
cardiac_neuro_cava_random:REF_PLCB1|ENSG00000182621.18|EH38E3419118_fwd_tile1-1
cardiac_neuro_cava_random:REF_PLCB1|ENSG00000182621.18|EH38E3419150_fwd_tile1-1
cardiac_neuro_cava_random:REF_PLCB1|ENSG00000182621.18|EH38E2096478_fwd_tile1-1
cardiac_neuro_cava_random:REF_PLCB1|ENSG00000182621.18|EH38E3419193_fwd_tile1-1
cardiac_neuro_cava_random:REF_JAG1|ENSG00000101384.12|EH38E3419825_rev_tile1-1
cardiac_neuro_cava_random:REF_JAG1|ENSG00000101384.12|EH38E3419874_rev_tile1-1
cardiac_neuro_cava_random:REF_JAG1|ENSG00000101384.12|EH38E2097590_rev_tile1-1
cardiac_neuro_cava_random:REF_JAG1|ENSG00000101384.12|EH38E3419882_rev_tile1-1
cardiac_neuro_cava_random:REF_JAG1|ENSG00000101384.12|EH38E3419890_rev_tile1-1
cardiac_neuro_cava_random:REF_JAG1|ENSG00000101384.12|EH38E3419894_rev_tile1-1
cardiac_neuro_cava_random:REF_JAG1|ENSG00000101384.12|EH38E2097619_rev_tile1-1
cardiac_neuro_cava_random:REF_MYLK2|ENSG00000101306.11|EH38E3426944_fwd_tile1-1
cardiac_neuro_cava_random:REF_TM9SF4|ENSG00000101337.16|EH38E3427185_fwd_tile1-1
cardiac_neuro_cava_random:REF_TM9SF4|ENSG00000101337.16|EH38E3427191_fwd_tile1-1
cardiac_neuro_cava_random:REF_SRC|ENSG00000197122.13|EH38E3430787_fwd_tile1-1
cardiac_neuro_cava_random:REF_SRC|ENSG00000197122.13|EH38E3430833_fwd_tile1-1
cardiac_neuro_cava_random:REF_SRC|ENSG00000197122.13|EH38E3430840_fwd_tile1-1
cardiac_neuro_cava_random:REF_SRC|ENSG00000197122.13|EH38E3430900_fwd_tile1-1
cardiac_neuro_cava_random:REF_SRC|ENSG00000197122.13|EH38E2110728_fwd_tile1-1
cardiac_neuro_cava_random:REF_SRC|ENSG00000197122.13|EH38E3430935_fwd_tile1-1
cardiac_neuro_cava_random:REF_SRC|ENSG00000197122.13|EH38E3430937_fwd_tile1-1
cardiac_neuro_cava_random:REF_MAFB|ENSG00000204103.4|EH38E3432528_rev_tile1-1
cardiac_neuro_cava_random:REF_R3HDML|ENSG00000101074.5|EH38E3434160_fwd_tile1-1
cardiac_neuro_cava_random:REF_R3HDML|ENSG00000101074.5|EH38E2114680_fwd_tile1-1
cardiac_neuro_cava_random:REF_R3HDML|ENSG00000101074.5|EH38E2114707_fwd_tile1-1
cardiac_neuro_cava_random:REF_SLC12A5|ENSG00000124140.15|EH38E2115916_fwd_tile1-1
cardiac_neuro_cava_random:REF_ZMYND8|ENSG00000101040.20|EH38E3436230_rev_tile1-1
cardiac_neuro_cava_random:REF_ADNP|ENSG00000101126.18|EH38E3439777_rev_tile1-1
cardiac_neuro_cava_random:REF_SON|ENSG00000159140.23|EH38E2138154_fwd_tile1-1
cardiac_neuro_cava_random:REF_PIGP|ENSG00000185808.14|EH38E3457817_rev_tile1-1
cardiac_neuro_cava_random:REF_PIGP|ENSG00000185808.14|EH38E3457822_rev_tile1-1
cardiac_neuro_cava_random:REF_PIGP|ENSG00000185808.14|EH38E3457830_rev_tile1-1
cardiac_neuro_cava_random:REF_DYRK1A|ENSG00000157540.22|EH38E3457951_fwd_tile1-1
cardiac_neuro_cava_random:REF_DYRK1A|ENSG00000157540.22|EH38E3457971_fwd_tile1-1
cardiac_neuro_cava_random:REF_DYRK1A|ENSG00000157540.22|EH38E3458017_fwd_tile1-1
cardiac_neuro_cava_random:REF_DYRK1A|ENSG00000157540.22|EH38E3458051_fwd_tile1-1
cardiac_neuro_cava_random:REF_DSCAM|ENSG00000171587.15|EH38E3459390_rev_tile1-1
cardiac_neuro_cava_random:REF_DSCAM|ENSG00000171587.15|EH38E3459400_rev_tile1-1
cardiac_neuro_cava_random:REF_DSCAM|ENSG00000171587.15|EH38E2143165_rev_tile1-1
cardiac_neuro_cava_random:REF_DIP2A|ENSG00000160305.18|EH38E2148042_fwd_tile1-1
cardiac_neuro_cava_random:REF_DIP2A|ENSG00000160305.18|EH38E3465202_fwd_tile1-1
cardiac_neuro_cava_random:REF_DIP2A|ENSG00000160305.18|EH38E2148103_fwd_tile1-1
cardiac_neuro_cava_random:REF_DIP2A|ENSG00000160305.18|EH38E3465270_fwd_tile1-1
cardiac_neuro_cava_random:REF_TBX1|ENSG00000184058.16|EH38E3467557_fwd_tile1-1
cardiac_neuro_cava_random:REF_COMT|ENSG00000093010.15|EH38E3467751_fwd_tile1-1
cardiac_neuro_cava_random:REF_COMT|ENSG00000093010.15|EH38E3467804_fwd_tile1-1
cardiac_neuro_cava_random:REF_RTN4R|ENSG00000040608.14|EH38E3468213_rev_tile1-1
cardiac_neuro_cava_random:REF_RTN4R|ENSG00000040608.14|EH38E3468241_rev_tile1-1
cardiac_neuro_cava_random:REF_LZTR1|ENSG00000099949.22|EH38E3469039_fwd_tile1-1
cardiac_neuro_cava_random:REF_IGLV3-25|ENSG00000211659.2|EH38E3470178_fwd_tile1-1
cardiac_neuro_cava_random:REF_SLC5A1|ENSG00000100170.10|EH38E2159110_fwd_tile1-1
cardiac_neuro_cava_random:REF_APOL2|ENSG00000128335.14|EH38E3478562,APOL4|ENSG00000100336.18|EH38E3478562_rev_tile1-1
cardiac_neuro_cava_random:REF_TNRC6B|ENSG00000100354.21|EH38E3482561_fwd_tile1-1
cardiac_neuro_cava_random:REF_ADSL|ENSG00000239900.14|EH38E3482800_fwd_tile1-1
cardiac_neuro_cava_random:REF_ADSL|ENSG00000239900.14|EH38E3482807_fwd_tile1-1
cardiac_neuro_cava_random:REF_CYP2D6|ENSG00000100197.23|EH38E3484163_rev_tile1-1
cardiac_neuro_cava_random:REF_CYP2D6|ENSG00000100197.23|EH38E3484177_rev_tile1-1
cardiac_neuro_cava_random:REF_TCF20|ENSG00000100207.21|EH38E2166955_rev_tile1-1
cardiac_neuro_cava_random:REF_TCF20|ENSG00000100207.21|EH38E3484236_rev_tile1-1
cardiac_neuro_cava_random:REF_TCF20|ENSG00000100207.21|EH38E2167022_rev_tile1-1
cardiac_neuro_cava_random:REF_TCF20|ENSG00000100207.21|EH38E3484378_rev_tile1-1
cardiac_neuro_cava_random:REF_SHANK3|ENSG00000251322.11|EH38E3491647_fwd_tile1-1
cardiac_neuro_cava_random:REF_SHANK3|ENSG00000251322.11|EH38E3491719_fwd_tile1-1
cardiac_neuro_cava_random:REF_CAV3|ENSG00000182533.7|EH38E3493948_fwd_tile1-1
cardiac_neuro_cava_random:REF_CAV3|ENSG00000182533.7|EH38E3494002_fwd_tile1-1
cardiac_neuro_cava_random:REF_SETD5|ENSG00000168137.20|EH38E3494311_fwd_tile1-1
cardiac_neuro_cava_random:REF_SETD5|ENSG00000168137.20|EH38E2177142_fwd_tile1-1
cardiac_neuro_cava_random:REF_SETD5|ENSG00000168137.20|EH38E3494355_fwd_tile1-1
cardiac_neuro_cava_random:REF_SETD5|ENSG00000168137.20|EH38E3494381_fwd_tile1-1
cardiac_neuro_cava_random:REF_CRELD1|ENSG00000163703.20|EH38E2177426_fwd_tile1-1
cardiac_neuro_cava_random:REF_SLC6A1|ENSG00000157103.13|EH38E3495307_fwd_tile1-1
cardiac_neuro_cava_random:REF_SLC6A1|ENSG00000157103.13|EH38E3495352_fwd_tile1-1
cardiac_neuro_cava_random:REF_SLC6A1|ENSG00000157103.13|EH38E2178162_fwd_tile1-1
cardiac_neuro_cava_random:REF_SLC6A1|ENSG00000157103.13|EH38E2178183_fwd_tile1-1
cardiac_neuro_cava_random:REF_SYN2|ENSG00000157152.17|EH38E3495924_fwd_tile1-1
cardiac_neuro_cava_random:REF_SYN2|ENSG00000157152.17|EH38E3495951_fwd_tile1-1
cardiac_neuro_cava_random:REF_RAF1|ENSG00000132155.14|EH38E3496239_rev_tile1-1
cardiac_neuro_cava_random:REF_TMEM43|ENSG00000170876.8|EH38E2180503_fwd_tile1-1
cardiac_neuro_cava_random:REF_SATB1|ENSG00000182568.18|EH38E3499964_rev_tile1-1
cardiac_neuro_cava_random:REF_SATB1|ENSG00000182568.18|EH38E2183532_rev_tile1-1
cardiac_neuro_cava_random:REF_SATB1|ENSG00000182568.18|EH38E3499980_rev_tile1-1
cardiac_neuro_cava_random:REF_SATB1|ENSG00000182568.18|EH38E2183644_rev_tile1-1
cardiac_neuro_cava_random:REF_ACVR2B|ENSG00000114739.14|EH38E2193255_fwd_tile1-1
cardiac_neuro_cava_random:REF_CTNNB1|ENSG00000168036.18|EH38E2194663_fwd_tile1-1
cardiac_neuro_cava_random:REF_CTNNB1|ENSG00000168036.18|EH38E3507639_fwd_tile1-1
cardiac_neuro_cava_random:REF_CTNNB1|ENSG00000168036.18|EH38E3507649_fwd_tile1-1
cardiac_neuro_cava_random:REF_CTNNB1|ENSG00000168036.18|EH38E3507688_fwd_tile1-1
cardiac_neuro_cava_random:REF_CTNNB1|ENSG00000168036.18|EH38E3507689_fwd_tile1-1
cardiac_neuro_cava_random:REF_TRAK1|ENSG00000182606.17|EH38E3507876_fwd_tile1-1
cardiac_neuro_cava_random:REF_TRAK1|ENSG00000182606.17|EH38E2195023_fwd_tile1-1
cardiac_neuro_cava_random:REF_TRAK1|ENSG00000182606.17|EH38E3507954_fwd_tile1-1
cardiac_neuro_cava_random:REF_TRAK1|ENSG00000182606.17|EH38E3507975_fwd_tile1-1
cardiac_neuro_cava_random:REF_TRAK1|ENSG00000182606.17|EH38E2195151_fwd_tile1-1
cardiac_neuro_cava_random:REF_TRAK1|ENSG00000182606.17|EH38E2195217_fwd_tile1-1
cardiac_neuro_cava_random:REF_TRAK1|ENSG00000182606.17|EH38E2195223_fwd_tile1-1
cardiac_neuro_cava_random:REF_TDGF1|ENSG00000241186.10|EH38E3510492_fwd_tile1-1
cardiac_neuro_cava_random:REF_TDGF1|ENSG00000241186.10|EH38E3510504_fwd_tile1-1
cardiac_neuro_cava_random:REF_TDGF1|ENSG00000241186.10|EH38E2198277_fwd_tile1-1
cardiac_neuro_cava_random:REF_SETD2|ENSG00000181555.22|EH38E3511007_rev_tile1-1
cardiac_neuro_cava_random:REF_SETD2|ENSG00000181555.22|EH38E3511045_rev_tile1-1
cardiac_neuro_cava_random:REF_DALRD3|ENSG00000178149.17|EH38E3512194_rev_tile1-1
cardiac_neuro_cava_random:REF_TMEM115|ENSG00000126062.4|EH38E3513430_rev_tile1-1
cardiac_neuro_cava_random:REF_BAP1|ENSG00000163930.10|EH38E3514823,TNNC1|ENSG00000114854.8|EH38E3514823_rev_tile1-1
cardiac_neuro_cava_random:REF_TNNC1|ENSG00000114854.8|EH38E2202407_rev_tile1-1
cardiac_neuro_cava_random:REF_CACNA2D3|ENSG00000157445.15|EH38E2203633_fwd_tile1-1
cardiac_neuro_cava_random:REF_CACNA2D3|ENSG00000157445.15|EH38E3515952_fwd_tile1-1
cardiac_neuro_cava_random:REF_CACNA2D3|ENSG00000157445.15|EH38E2203749_fwd_tile1-1
cardiac_neuro_cava_random:REF_CACNA2D3|ENSG00000157445.15|EH38E2203875_fwd_tile1-1
cardiac_neuro_cava_random:REF_CACNA2D3|ENSG00000157445.15|EH38E3516113_fwd_tile1-1
cardiac_neuro_cava_random:REF_CACNA2D3|ENSG00000157445.15|EH38E3516123_fwd_tile1-1
cardiac_neuro_cava_random:REF_CACNA2D3|ENSG00000157445.15|EH38E3516135_fwd_tile1-1
cardiac_neuro_cava_random:REF_FOXP1|ENSG00000114861.24|EH38E2212822_rev_tile1-1
cardiac_neuro_cava_random:REF_FOXP1|ENSG00000114861.24|EH38E2212881_rev_tile1-1
cardiac_neuro_cava_random:REF_FOXP1|ENSG00000114861.24|EH38E2212909_rev_tile1-1
cardiac_neuro_cava_random:REF_FOXP1|ENSG00000114861.24|EH38E3522203_rev_tile1-1
cardiac_neuro_cava_random:REF_FOXP1|ENSG00000114861.24|EH38E2212987_rev_tile1-1
cardiac_neuro_cava_random:REF_FOXP1|ENSG00000114861.24|EH38E3522225_rev_tile1-1
cardiac_neuro_cava_random:REF_FOXP1|ENSG00000114861.24|EH38E2213124_rev_tile1-1
cardiac_neuro_cava_random:REF_FOXP1|ENSG00000114861.24|EH38E3522427_rev_tile1-1
cardiac_neuro_cava_random:REF_ZBTB20|ENSG00000181722.18|EH38E2228539_rev_tile1-1
cardiac_neuro_cava_random:REF_ZBTB20|ENSG00000181722.18|EH38E3532342_rev_tile1-1
cardiac_neuro_cava_random:REF_ZBTB20|ENSG00000181722.18|EH38E3532398_rev_tile1-1
cardiac_neuro_cava_random:REF_ZBTB20|ENSG00000181722.18|EH38E2228768_rev_tile1-1
cardiac_neuro_cava_random:REF_ZBTB20|ENSG00000181722.18|EH38E3532507_rev_tile1-1
cardiac_neuro_cava_random:REF_ARHGAP31|ENSG00000031081.11|EH38E3533506_fwd_tile1-1
cardiac_neuro_cava_random:REF_CFAP91|ENSG00000183833.16|EH38E3533734_fwd_tile1-1
cardiac_neuro_cava_random:REF_ATR|ENSG00000175054.16|EH38E3544361_rev_tile1-1
cardiac_neuro_cava_random:REF_ATR|ENSG00000175054.16|EH38E3544372_rev_tile1-1
cardiac_neuro_cava_random:REF_ATR|ENSG00000175054.16|EH38E3544385_rev_tile1-1
cardiac_neuro_cava_random:REF_ATR|ENSG00000175054.16|EH38E2244258_rev_tile1-1
cardiac_neuro_cava_random:REF_ATR|ENSG00000175054.16|EH38E3544406_rev_tile1-1
cardiac_neuro_cava_random:REF_ATR|ENSG00000175054.16|EH38E3544410_rev_tile1-1
cardiac_neuro_cava_random:REF_ATR|ENSG00000175054.16|EH38E2244285_rev_tile1-1
cardiac_neuro_cava_random:REF_RNF13|ENSG00000082996.20|EH38E2247548_fwd_tile1-1
cardiac_neuro_cava_random:REF_TBL1XR1|ENSG00000177565.19|EH38E2260294_rev_tile1-1
cardiac_neuro_cava_random:REF_TBL1XR1|ENSG00000177565.19|EH38E2260297_rev_tile1-1
cardiac_neuro_cava_random:REF_TBL1XR1|ENSG00000177565.19|EH38E3555151_rev_tile1-1
cardiac_neuro_cava_random:REF_TBL1XR1|ENSG00000177565.19|EH38E3555160_rev_tile1-1
cardiac_neuro_cava_random:REF_TBL1XR1|ENSG00000177565.19|EH38E3555169_rev_tile1-1
cardiac_neuro_cava_random:REF_TBL1XR1|ENSG00000177565.19|EH38E2260393_rev_tile1-1
cardiac_neuro_cava_random:REF_FGF12|ENSG00000114279.15|EH38E2269605_rev_tile1-1
cardiac_neuro_cava_random:REF_CPLX1|ENSG00000168993.15|EH38E3565746_rev_tile1-1
cardiac_neuro_cava_random:REF_CPLX1|ENSG00000168993.15|EH38E2274213_rev_tile1-1
cardiac_neuro_cava_random:REF_CPLX1|ENSG00000168993.15|EH38E3565780_rev_tile1-1
cardiac_neuro_cava_random:REF_EVC2|ENSG00000173040.13|EH38E3569948_rev_tile1-1
cardiac_neuro_cava_random:REF_KIAA0232|ENSG00000170871.12|EH38E2278445_fwd_tile1-1
cardiac_neuro_cava_random:REF_KIAA0232|ENSG00000170871.12|EH38E3570832_fwd_tile1-1
cardiac_neuro_cava_random:REF_KIAA0232|ENSG00000170871.12|EH38E3570834_fwd_tile1-1
cardiac_neuro_cava_random:REF_DRD5|ENSG00000169676.6|EH38E2280531_fwd_tile1-1
cardiac_neuro_cava_random:REF_UGDH|ENSG00000109814.12|EH38E2291997_rev_tile1-1
cardiac_neuro_cava_random:REF_GABRA2|ENSG00000151834.16|EH38E2294814_rev_tile1-1
cardiac_neuro_cava_random:REF_WDFY3|ENSG00000163625.17|EH38E3592758_rev_tile1-1
cardiac_neuro_cava_random:REF_WDFY3|ENSG00000163625.17|EH38E3592786_rev_tile1-1
cardiac_neuro_cava_random:REF_PPP3CA|ENSG00000138814.17|EH38E3597344_rev_tile1-1
cardiac_neuro_cava_random:REF_HADH|ENSG00000138796.18|EH38E2318598_fwd_tile1-1
cardiac_neuro_cava_random:REF_HADH|ENSG00000138796.18|EH38E3598991_fwd_tile1-1
cardiac_neuro_cava_random:REF_HADH|ENSG00000138796.18|EH38E3599003_fwd_tile1-1
cardiac_neuro_cava_random:REF_PITX2|ENSG00000164093.18|EH38E3599924_rev_tile1-1
cardiac_neuro_cava_random:REF_ANK2|ENSG00000145362.21|EH38E3600498_fwd_tile1-1
cardiac_neuro_cava_random:REF_ANK2|ENSG00000145362.21|EH38E2320999_fwd_tile1-1
cardiac_neuro_cava_random:REF_ANK2|ENSG00000145362.21|EH38E2321055_fwd_tile1-1
cardiac_neuro_cava_random:REF_ANK2|ENSG00000145362.21|EH38E3600584_fwd_tile1-1
cardiac_neuro_cava_random:REF_ANK2|ENSG00000145362.21|EH38E3600600_fwd_tile1-1
cardiac_neuro_cava_random:REF_ANK2|ENSG00000145362.21|EH38E2321117_fwd_tile1-1
cardiac_neuro_cava_random:REF_ANK2|ENSG00000145362.21|EH38E3600628_fwd_tile1-1
cardiac_neuro_cava_random:REF_ANK2|ENSG00000145362.21|EH38E2321233_fwd_tile1-1
cardiac_neuro_cava_random:REF_MYOZ2|ENSG00000172399.6|EH38E2323044_fwd_tile1-1
cardiac_neuro_cava_random:REF_MYOZ2|ENSG00000172399.6|EH38E2323055_fwd_tile1-1
cardiac_neuro_cava_random:REF_FGF2|ENSG00000138685.17|EH38E3602845_fwd_tile1-1
cardiac_neuro_cava_random:REF_NAA15|ENSG00000164134.14|EH38E3606245_fwd_tile1-1
cardiac_neuro_cava_random:REF_NR3C2|ENSG00000151623.15|EH38E3609254_rev_tile1-1
cardiac_neuro_cava_random:REF_TLL1|ENSG00000038295.8|EH38E3614311_fwd_tile1-1
cardiac_neuro_cava_random:REF_HAND2|ENSG00000164107.9|EH38E2344524_rev_tile1-1
cardiac_neuro_cava_random:REF_HAND2|ENSG00000164107.9|EH38E3616101_rev_tile1-1
cardiac_neuro_cava_random:REF_HAND2|ENSG00000164107.9|EH38E2344594_rev_tile1-1
cardiac_neuro_cava_random:REF_PDLIM3|ENSG00000154553.17|EH38E2349820_rev_tile1-1
cardiac_neuro_cava_random:REF_SDHA|ENSG00000073578.18|EH38E3621201_fwd_tile1-1
cardiac_neuro_cava_random:REF_SDHA|ENSG00000073578.18|EH38E3621228_fwd_tile1-1
cardiac_neuro_cava_random:REF_MTRR|ENSG00000124275.15|EH38E2355516_fwd_tile1-1
cardiac_neuro_cava_random:REF_TRIO|ENSG00000038382.23|EH38E2357990_fwd_tile1-1
cardiac_neuro_cava_random:REF_TRIO|ENSG00000038382.23|EH38E3626906_fwd_tile1-1
cardiac_neuro_cava_random:REF_TRIO|ENSG00000038382.23|EH38E2358002_fwd_tile1-1
cardiac_neuro_cava_random:REF_TRIO|ENSG00000038382.23|EH38E3626915_fwd_tile1-1
cardiac_neuro_cava_random:REF_TRIO|ENSG00000038382.23|EH38E3626941_fwd_tile1-1
cardiac_neuro_cava_random:REF_TRIO|ENSG00000038382.23|EH38E3626973_fwd_tile1-1
cardiac_neuro_cava_random:REF_TRIO|ENSG00000038382.23|EH38E2358125_fwd_tile1-1
cardiac_neuro_cava_random:REF_TRIO|ENSG00000038382.23|EH38E2358198_fwd_tile1-1
cardiac_neuro_cava_random:REF_TRIO|ENSG00000038382.23|EH38E3627035_fwd_tile1-1
cardiac_neuro_cava_random:REF_TRIO|ENSG00000038382.23|EH38E3627056_fwd_tile1-1
cardiac_neuro_cava_random:REF_TRIO|ENSG00000038382.23|EH38E2358277_fwd_tile1-1
cardiac_neuro_cava_random:REF_TRIO|ENSG00000038382.23|EH38E2358278_fwd_tile1-1
cardiac_neuro_cava_random:REF_TRIO|ENSG00000038382.23|EH38E2358363_fwd_tile1-1
cardiac_neuro_cava_random:REF_TRIO|ENSG00000038382.23|EH38E2358394_fwd_tile1-1
cardiac_neuro_cava_random:REF_TRIO|ENSG00000038382.23|EH38E3627143_fwd_tile1-1
cardiac_neuro_cava_random:REF_TRIO|ENSG00000038382.23|EH38E2358429_fwd_tile1-1
cardiac_neuro_cava_random:REF_TRIO|ENSG00000038382.23|EH38E2358449_fwd_tile1-1
cardiac_neuro_cava_random:REF_TRIO|ENSG00000038382.23|EH38E3627203_fwd_tile1-1
cardiac_neuro_cava_random:REF_TRIO|ENSG00000038382.23|EH38E2358488_fwd_tile1-1
cardiac_neuro_cava_random:REF_TRIO|ENSG00000038382.23|EH38E3627221_fwd_tile1-1
cardiac_neuro_cava_random:REF_TRIO|ENSG00000038382.23|EH38E3627252_fwd_tile1-1
cardiac_neuro_cava_random:REF_NIPBL|ENSG00000164190.19|EH38E3632672_fwd_tile1-1
cardiac_neuro_cava_random:REF_NIPBL|ENSG00000164190.19|EH38E3632673_fwd_tile1-1
cardiac_neuro_cava_random:REF_LINC01033|ENSG00000249069.8|EH38E2371930_fwd_tile1-1
cardiac_neuro_cava_random:REF_LINC01033|ENSG00000249069.8|EH38E2371971_fwd_tile1-1
cardiac_neuro_cava_random:REF_LINC01033|ENSG00000249069.8|EH38E3636462_fwd_tile1-1
cardiac_neuro_cava_random:REF_LINC01033|ENSG00000249069.8|EH38E2371995_fwd_tile1-1
cardiac_neuro_cava_random:REF_LINC01033|ENSG00000249069.8|EH38E2371996_fwd_tile1-1
cardiac_neuro_cava_random:REF_LINC01033|ENSG00000249069.8|EH38E3636471_fwd_tile1-1
cardiac_neuro_cava_random:REF_LINC01033|ENSG00000249069.8|EH38E2372005_fwd_tile1-1
cardiac_neuro_cava_random:REF_SLC22A5|ENSG00000197375.14|EH38E3660537_fwd_tile1-1
cardiac_neuro_cava_random:REF_SLC22A5|ENSG00000197375.14|EH38E3660558_fwd_tile1-1
cardiac_neuro_cava_random:REF_KDM3B|ENSG00000120733.14|EH38E2412456_fwd_tile1-1
cardiac_neuro_cava_random:REF_KDM3B|ENSG00000120733.14|EH38E3663961_fwd_tile1-1
cardiac_neuro_cava_random:REF_HAND1|ENSG00000113196.3|EH38E2423245_rev_tile1-1
cardiac_neuro_cava_random:REF_SGCD|ENSG00000170624.14|EH38E3672813_fwd_tile1-1
cardiac_neuro_cava_random:REF_SGCD|ENSG00000170624.14|EH38E0812045_fwd_tile1-1
cardiac_neuro_cava_random:REF_SGCD|ENSG00000170624.14|EH38E3672873_fwd_tile1-1
cardiac_neuro_cava_random:REF_CYFIP2|ENSG00000055163.21|EH38E3673205_fwd_tile1-1
cardiac_neuro_cava_random:REF_CYFIP2|ENSG00000055163.21|EH38E2424445_fwd_tile1-1
cardiac_neuro_cava_random:REF_CYFIP2|ENSG00000055163.21|EH38E2424486_fwd_tile1-1
cardiac_neuro_cava_random:REF_CYFIP2|ENSG00000055163.21|EH38E2424493_fwd_tile1-1
cardiac_neuro_cava_random:REF_CYFIP2|ENSG00000055163.21|EH38E3673307_fwd_tile1-1
cardiac_neuro_cava_random:REF_CYFIP2|ENSG00000055163.21|EH38E3673321_fwd_tile1-1
cardiac_neuro_cava_random:REF_GABRG2|ENSG00000113327.17|EH38E3675259_fwd_tile1-1
cardiac_neuro_cava_random:REF_SH3PXD2B|ENSG00000174705.13|EH38E3678558_rev_tile1-1
cardiac_neuro_cava_random:REF_SH3PXD2B|ENSG00000174705.13|EH38E3678576_rev_tile1-1
cardiac_neuro_cava_random:REF_SH3PXD2B|ENSG00000174705.13|EH38E3678606_rev_tile1-1
cardiac_neuro_cava_random:REF_NKX2-5|ENSG00000183072.10|EH38E3679370_rev_tile1-1
cardiac_neuro_cava_random:REF_NSD1|ENSG00000165671.22|EH38E3681636_fwd_tile1-1
cardiac_neuro_cava_random:REF_NSD1|ENSG00000165671.22|EH38E3681637_fwd_tile1-1
cardiac_neuro_cava_random:REF_FLT4|ENSG00000037280.16|EH38E3684188_rev_tile1-1
cardiac_neuro_cava_random:REF_FLT4|ENSG00000037280.16|EH38E3684204_rev_tile1-1
cardiac_neuro_cava_random:REF_FLT4|ENSG00000037280.16|EH38E3684303_rev_tile1-1
cardiac_neuro_cava_random:REF_IRF4|ENSG00000137265.16|EH38E3684957_fwd_tile1-1
cardiac_neuro_cava_random:REF_IRF4|ENSG00000137265.16|EH38E3684976_fwd_tile1-1
cardiac_neuro_cava_random:REF_IRF4|ENSG00000137265.16|EH38E3684981_fwd_tile1-1
cardiac_neuro_cava_random:REF_IRF4|ENSG00000137265.16|EH38E2438391_fwd_tile1-1
cardiac_neuro_cava_random:REF_IRF4|ENSG00000137265.16|EH38E3685013_fwd_tile1-1
cardiac_neuro_cava_random:REF_IRF4|ENSG00000137265.16|EH38E3685021_fwd_tile1-1
cardiac_neuro_cava_random:REF_IRF4|ENSG00000137265.16|EH38E2438433_fwd_tile1-1
cardiac_neuro_cava_random:REF_IRF4|ENSG00000137265.16|EH38E2438443_fwd_tile1-1
cardiac_neuro_cava_random:REF_FARS2|ENSG00000145982.13|EH38E3687951_fwd_tile1-1
cardiac_neuro_cava_random:REF_FARS2|ENSG00000145982.13|EH38E2442209_fwd_tile1-1
cardiac_neuro_cava_random:REF_DSP|ENSG00000096696.15|EH38E3689258_fwd_tile1-1
cardiac_neuro_cava_random:REF_DSP|ENSG00000096696.15|EH38E3689269_fwd_tile1-1
cardiac_neuro_cava_random:REF_DSP|ENSG00000096696.15|EH38E3689280_fwd_tile1-1
cardiac_neuro_cava_random:REF_DSP|ENSG00000096696.15|EH38E2443829_fwd_tile1-1
cardiac_neuro_cava_random:REF_PHACTR1|ENSG00000112137.19|EH38E2446938_fwd_tile1-1
cardiac_neuro_cava_random:REF_PHACTR1|ENSG00000112137.19|EH38E3691518_fwd_tile1-1
cardiac_neuro_cava_random:REF_PHACTR1|ENSG00000112137.19|EH38E2447036_fwd_tile1-1
cardiac_neuro_cava_random:REF_PHACTR1|ENSG00000112137.19|EH38E3691622_fwd_tile1-1
cardiac_neuro_cava_random:REF_PHACTR1|ENSG00000112137.19|EH38E2447178_fwd_tile1-1
cardiac_neuro_cava_random:REF_PHACTR1|ENSG00000112137.19|EH38E3691631_fwd_tile1-1
cardiac_neuro_cava_random:REF_PHACTR1|ENSG00000112137.19|EH38E3691650_fwd_tile1-1
cardiac_neuro_cava_random:REF_PHACTR1|ENSG00000112137.19|EH38E3691727_fwd_tile1-1
cardiac_neuro_cava_random:REF_ALDH5A1|ENSG00000112294.14|EH38E2454524_fwd_tile1-1
cardiac_neuro_cava_random:REF_ALDH5A1|ENSG00000112294.14|EH38E3696720_fwd_tile1-1
cardiac_neuro_cava_random:REF_ALDH5A1|ENSG00000112294.14|EH38E3696724_fwd_tile1-1
cardiac_neuro_cava_random:REF_H1-3|ENSG00000124575.7|EH38E3697645_rev_tile1-1
cardiac_neuro_cava_random:REF_H1-3|ENSG00000124575.7|EH38E3697677_rev_tile1-1
cardiac_neuro_cava_random:REF_H1-3|ENSG00000124575.7|EH38E3697719_rev_tile1-1
cardiac_neuro_cava_random:REF_SYNGAP1|ENSG00000197283.18|EH38E3702084_fwd_tile1-1
cardiac_neuro_cava_random:REF_CNPY3|ENSG00000137161.18|EH38E3708664_fwd_tile1-1
cardiac_neuro_cava_random:REF_CNPY3|ENSG00000137161.18|EH38E2468112,PPP2R5D|ENSG00000112640.16|EH38E2468112_fwd_tile1-1
cardiac_neuro_cava_random:REF_PPP2R5D|ENSG00000112640.16|EH38E3708759_fwd_tile1-1
cardiac_neuro_cava_random:REF_PTK7|ENSG00000112655.16|EH38E2468326_fwd_tile1-1
cardiac_neuro_cava_random:REF_VEGFA|ENSG00000112715.26|EH38E3709325_fwd_tile1-1
cardiac_neuro_cava_random:REF_TFAP2B|ENSG00000008196.13|EH38E3712007_fwd_tile1-1
cardiac_neuro_cava_random:REF_TFAP2B|ENSG00000008196.13|EH38E2472343_fwd_tile1-1
cardiac_neuro_cava_random:REF_PHF3|ENSG00000118482.12|EH38E2476474_fwd_tile1-1
cardiac_neuro_cava_random:REF_PHF3|ENSG00000118482.12|EH38E3714776_fwd_tile1-1
cardiac_neuro_cava_random:REF_PHF3|ENSG00000118482.12|EH38E2476524_fwd_tile1-1
cardiac_neuro_cava_random:REF_RIMS1|ENSG00000079841.20|EH38E3716229_fwd_tile1-1
cardiac_neuro_cava_random:REF_PHIP|ENSG00000146247.15|EH38E2480745_rev_tile1-1
cardiac_neuro_cava_random:REF_PHIP|ENSG00000146247.15|EH38E2480762_rev_tile1-1
cardiac_neuro_cava_random:REF_PHIP|ENSG00000146247.15|EH38E3717732_rev_tile1-1
cardiac_neuro_cava_random:REF_ZNF292|ENSG00000188994.14|EH38E3719566_fwd_tile1-1
cardiac_neuro_cava_random:REF_ZNF292|ENSG00000188994.14|EH38E3719579_fwd_tile1-1
cardiac_neuro_cava_random:REF_CDK19|ENSG00000155111.15|EH38E2493739_rev_tile1-1
cardiac_neuro_cava_random:REF_LAMA4|ENSG00000112769.20|EH38E2494832_rev_tile1-1
cardiac_neuro_cava_random:REF_PLN|ENSG00000198523.6|EH38E2497609_fwd_tile1-1
cardiac_neuro_cava_random:REF_EYA4|ENSG00000112319.21|EH38E2504332_fwd_tile1-1
cardiac_neuro_cava_random:REF_CITED2|ENSG00000164442.10|EH38E3736375_rev_tile1-1
cardiac_neuro_cava_random:REF_HIVEP2|ENSG00000010818.11|EH38E3737455_rev_tile1-1
cardiac_neuro_cava_random:REF_HIVEP2|ENSG00000010818.11|EH38E3737502_rev_tile1-1
cardiac_neuro_cava_random:REF_HIVEP2|ENSG00000010818.11|EH38E3737506_rev_tile1-1
cardiac_neuro_cava_random:REF_TAB2|ENSG00000055208.20|EH38E3739895_fwd_tile1-1
cardiac_neuro_cava_random:REF_TAB2|ENSG00000055208.20|EH38E3739930_fwd_tile1-1
cardiac_neuro_cava_random:REF_TAB2|ENSG00000055208.20|EH38E2514154_fwd_tile1-1
cardiac_neuro_cava_random:REF_TAB2|ENSG00000055208.20|EH38E3740067_fwd_tile1-1
cardiac_neuro_cava_random:REF_ARID1B|ENSG00000049618.25|EH38E3743262_fwd_tile1-1
cardiac_neuro_cava_random:REF_ARID1B|ENSG00000049618.25|EH38E2518634_fwd_tile1-1
cardiac_neuro_cava_random:REF_ARID1B|ENSG00000049618.25|EH38E3743312_fwd_tile1-1
cardiac_neuro_cava_random:REF_ARID1B|ENSG00000049618.25|EH38E2518710_fwd_tile1-1
cardiac_neuro_cava_random:REF_ARID1B|ENSG00000049618.25|EH38E3743357_fwd_tile1-1
cardiac_neuro_cava_random:REF_CARD11|ENSG00000198286.11|EH38E3754600_rev_tile1-1
cardiac_neuro_cava_random:REF_CARD11|ENSG00000198286.11|EH38E3754603_rev_tile1-1
cardiac_neuro_cava_random:REF_CARD11|ENSG00000198286.11|EH38E2530090_rev_tile1-1
cardiac_neuro_cava_random:REF_CARD11|ENSG00000198286.11|EH38E2530148_rev_tile1-1
cardiac_neuro_cava_random:REF_CARD11|ENSG00000198286.11|EH38E3754773_rev_tile1-1
cardiac_neuro_cava_random:REF_ACTB|ENSG00000075624.17|EH38E3756178_rev_tile1-1
cardiac_neuro_cava_random:REF_ACTB|ENSG00000075624.17|EH38E3756180_rev_tile1-1
cardiac_neuro_cava_random:REF_ACTB|ENSG00000075624.17|EH38E3756225_rev_tile1-1
cardiac_neuro_cava_random:REF_TBX20|ENSG00000164532.11|EH38E3767191_rev_tile1-1
cardiac_neuro_cava_random:REF_TBX20|ENSG00000164532.11|EH38E3767197_rev_tile1-1
cardiac_neuro_cava_random:REF_TBX20|ENSG00000164532.11|EH38E2547713_rev_tile1-1
cardiac_neuro_cava_random:REF_TBX20|ENSG00000164532.11|EH38E3767206_rev_tile1-1
cardiac_neuro_cava_random:REF_TBX20|ENSG00000164532.11|EH38E2547749_rev_tile1-1
cardiac_neuro_cava_random:REF_TBX20|ENSG00000164532.11|EH38E2547753_rev_tile1-1
cardiac_neuro_cava_random:REF_AUTS2|ENSG00000158321.19|EH38E2561504_fwd_tile1-1
cardiac_neuro_cava_random:REF_AUTS2|ENSG00000158321.19|EH38E2561544_fwd_tile1-1
cardiac_neuro_cava_random:REF_AUTS2|ENSG00000158321.19|EH38E2561637_fwd_tile1-1
cardiac_neuro_cava_random:REF_AUTS2|ENSG00000158321.19|EH38E2561686_fwd_tile1-1
cardiac_neuro_cava_random:REF_AUTS2|ENSG00000158321.19|EH38E3778349_fwd_tile1-1
cardiac_neuro_cava_random:REF_AUTS2|ENSG00000158321.19|EH38E2561952_fwd_tile1-1
cardiac_neuro_cava_random:REF_AUTS2|ENSG00000158321.19|EH38E3778407_fwd_tile1-1
cardiac_neuro_cava_random:REF_AUTS2|ENSG00000158321.19|EH38E2561987_fwd_tile1-1
cardiac_neuro_cava_random:REF_AUTS2|ENSG00000158321.19|EH38E3778459_fwd_tile1-1
cardiac_neuro_cava_random:REF_AUTS2|ENSG00000158321.19|EH38E2562070_fwd_tile1-1
cardiac_neuro_cava_random:REF_AUTS2|ENSG00000158321.19|EH38E2562162_fwd_tile1-1
cardiac_neuro_cava_random:REF_AUTS2|ENSG00000158321.19|EH38E3778575_fwd_tile1-1
cardiac_neuro_cava_random:REF_ELN|ENSG00000049540.19|EH38E2563458_fwd_tile1-1
cardiac_neuro_cava_random:REF_ELN|ENSG00000049540.19|EH38E3779869_fwd_tile1-1
cardiac_neuro_cava_random:REF_MDH2|ENSG00000146701.12|EH38E2564592_fwd_tile1-1
cardiac_neuro_cava_random:REF_GNAI1|ENSG00000127955.17|EH38E3782374_fwd_tile1-1
cardiac_neuro_cava_random:REF_GNAI1|ENSG00000127955.17|EH38E2566301_fwd_tile1-1
cardiac_neuro_cava_random:REF_GNAI1|ENSG00000127955.17|EH38E2566440_fwd_tile1-1
cardiac_neuro_cava_random:REF_GNAI1|ENSG00000127955.17|EH38E2566484_fwd_tile1-1
cardiac_neuro_cava_random:REF_SEMA3E|ENSG00000170381.15|EH38E3783535_rev_tile1-1
cardiac_neuro_cava_random:REF_SEMA3E|ENSG00000170381.15|EH38E2568222_rev_tile1-1
cardiac_neuro_cava_random:REF_ADAM22|ENSG00000008277.15|EH38E3784528_fwd_tile1-1
cardiac_neuro_cava_random:REF_ADAM22|ENSG00000008277.15|EH38E3784555_fwd_tile1-1
cardiac_neuro_cava_random:REF_ADAM22|ENSG00000008277.15|EH38E2569774_fwd_tile1-1
cardiac_neuro_cava_random:REF_ACTL6B|ENSG00000077080.10|EH38E3789141_rev_tile1-1
cardiac_neuro_cava_random:REF_CUX1|ENSG00000257923.12|EH38E3790223_fwd_tile1-1
cardiac_neuro_cava_random:REF_CUX1|ENSG00000257923.12|EH38E3790333_fwd_tile1-1
cardiac_neuro_cava_random:REF_CUX1|ENSG00000257923.12|EH38E3790345_fwd_tile1-1
cardiac_neuro_cava_random:REF_CUX1|ENSG00000257923.12|EH38E2576955_fwd_tile1-1
cardiac_neuro_cava_random:REF_CUX1|ENSG00000257923.12|EH38E2577028_fwd_tile1-1
cardiac_neuro_cava_random:REF_CUX1|ENSG00000257923.12|EH38E2577067_fwd_tile1-1
cardiac_neuro_cava_random:REF_RELN|ENSG00000189056.15|EH38E3791051_rev_tile1-1
cardiac_neuro_cava_random:REF_RELN|ENSG00000189056.15|EH38E3791077_rev_tile1-1
cardiac_neuro_cava_random:REF_RELN|ENSG00000189056.15|EH38E2577791_rev_tile1-1
cardiac_neuro_cava_random:REF_RELN|ENSG00000189056.15|EH38E3791127_rev_tile1-1
cardiac_neuro_cava_random:REF_KMT2E|ENSG00000005483.23|EH38E3791448_fwd_tile1-1
cardiac_neuro_cava_random:REF_KMT2E|ENSG00000005483.23|EH38E3791455_fwd_tile1-1
cardiac_neuro_cava_random:REF_KMT2E|ENSG00000005483.23|EH38E2578321_fwd_tile1-1
cardiac_neuro_cava_random:REF_RINT1|ENSG00000135249.8|EH38E2578660_fwd_tile1-1
cardiac_neuro_cava_random:REF_RINT1|ENSG00000135249.8|EH38E2578665_fwd_tile1-1
cardiac_neuro_cava_random:REF_RINT1|ENSG00000135249.8|EH38E3791781_fwd_tile1-1
cardiac_neuro_cava_random:REF_FOXP2|ENSG00000128573.28|EH38E3794637_fwd_tile1-1
cardiac_neuro_cava_random:REF_FOXP2|ENSG00000128573.28|EH38E3794691_fwd_tile1-1
cardiac_neuro_cava_random:REF_BRAF|ENSG00000157764.14|EH38E3804608_rev_tile1-1
cardiac_neuro_cava_random:REF_KCNH2|ENSG00000055118.17|EH38E3808211_rev_tile1-1
cardiac_neuro_cava_random:REF_NOS3|ENSG00000164867.11|EH38E3808239_fwd_tile1-1
cardiac_neuro_cava_random:REF_NOS3|ENSG00000164867.11|EH38E2601027_fwd_tile1-1
cardiac_neuro_cava_random:REF_NOS3|ENSG00000164867.11|EH38E3808347_fwd_tile1-1
cardiac_neuro_cava_random:REF_KCNH2|ENSG00000055118.17|EH38E3808357_rev_tile1-1
cardiac_neuro_cava_random:REF_PRKAG2|ENSG00000106617.15|EH38E3808991_rev_tile1-1
cardiac_neuro_cava_random:REF_PRKAG2|ENSG00000106617.15|EH38E3809030_rev_tile1-1
cardiac_neuro_cava_random:REF_PRKAG2|ENSG00000106617.15|EH38E2601673_rev_tile1-1
cardiac_neuro_cava_random:REF_PRKAG2|ENSG00000106617.15|EH38E2601757_rev_tile1-1
cardiac_neuro_cava_random:REF_PRKAG2|ENSG00000106617.15|EH38E2601801_rev_tile1-1
cardiac_neuro_cava_random:REF_PRKAG2|ENSG00000106617.15|EH38E3809185_rev_tile1-1
cardiac_neuro_cava_random:REF_PRKAG2|ENSG00000106617.15|EH38E3809336_rev_tile1-1
cardiac_neuro_cava_random:REF_PRKAG2|ENSG00000106617.15|EH38E2601979_rev_tile1-1
cardiac_neuro_cava_random:REF_PRKAG2|ENSG00000106617.15|EH38E3809380_rev_tile1-1
cardiac_neuro_cava_random:REF_KMT2C|ENSG00000055609.21|EH38E2602162_rev_tile1-1
cardiac_neuro_cava_random:REF_DYNC2I1|ENSG00000126870.16|EH38E3813094_fwd_tile1-1
cardiac_neuro_cava_random:REF_DYNC2I1|ENSG00000126870.16|EH38E2605468_fwd_tile1-1
cardiac_neuro_cava_random:REF_GATA4|ENSG00000136574.19|EH38E2611054_fwd_tile1-1
cardiac_neuro_cava_random:REF_GATA4|ENSG00000136574.19|EH38E3818126_fwd_tile1-1
cardiac_neuro_cava_random:REF_RHOBTB2|ENSG00000008853.18|EH38E2616855_fwd_tile1-1
cardiac_neuro_cava_random:REF_PPP2R2A|ENSG00000221914.11|EH38E2618853_fwd_tile1-1
cardiac_neuro_cava_random:REF_PPP2R2A|ENSG00000221914.11|EH38E3824294_fwd_tile1-1
cardiac_neuro_cava_random:REF_PPP2R2A|ENSG00000221914.11|EH38E3824351_fwd_tile1-1
cardiac_neuro_cava_random:REF_DPYSL2|ENSG00000092964.18|EH38E2619047_fwd_tile1-1
cardiac_neuro_cava_random:REF_DPYSL2|ENSG00000092964.18|EH38E3824548_fwd_tile1-1
cardiac_neuro_cava_random:REF_CHD7|ENSG00000171316.14|EH38E2634618_fwd_tile1-1
cardiac_neuro_cava_random:REF_CHD7|ENSG00000171316.14|EH38E2634711_fwd_tile1-1
cardiac_neuro_cava_random:REF_CHD7|ENSG00000171316.14|EH38E3836315_fwd_tile1-1
cardiac_neuro_cava_random:REF_CHD7|ENSG00000171316.14|EH38E3836335_fwd_tile1-1
cardiac_neuro_cava_random:REF_NBN|ENSG00000104320.15|EH38E2646291_rev_tile1-1
cardiac_neuro_cava_random:REF_VPS13B|ENSG00000132549.20|EH38E3847561_fwd_tile1-1
cardiac_neuro_cava_random:REF_VPS13B|ENSG00000132549.20|EH38E3847712_fwd_tile1-1
cardiac_neuro_cava_random:REF_VPS13B|ENSG00000132549.20|EH38E3847785_fwd_tile1-1
cardiac_neuro_cava_random:REF_OXR1|ENSG00000164830.19|EH38E3850601_fwd_tile1-1
cardiac_neuro_cava_random:REF_OXR1|ENSG00000164830.19|EH38E3850603_fwd_tile1-1
cardiac_neuro_cava_random:REF_OXR1|ENSG00000164830.19|EH38E2655728_fwd_tile1-1
cardiac_neuro_cava_random:REF_OXR1|ENSG00000164830.19|EH38E3850756_fwd_tile1-1
cardiac_neuro_cava_random:REF_KCNQ3|ENSG00000184156.17|EH38E2669189_rev_tile1-1
cardiac_neuro_cava_random:REF_SMARCA2|ENSG00000080503.25|EH38E2677681_fwd_tile1-1
cardiac_neuro_cava_random:REF_SMARCA2|ENSG00000080503.25|EH38E2677729_fwd_tile1-1
cardiac_neuro_cava_random:REF_SMARCA2|ENSG00000080503.25|EH38E3871550_fwd_tile1-1
cardiac_neuro_cava_random:REF_SMARCA2|ENSG00000080503.25|EH38E3871609_fwd_tile1-1
cardiac_neuro_cava_random:REF_SMARCA2|ENSG00000080503.25|EH38E2677877_fwd_tile1-1
cardiac_neuro_cava_random:REF_RFX3|ENSG00000080298.16|EH38E3872055_rev_tile1-1
cardiac_neuro_cava_random:REF_RFX3|ENSG00000080298.16|EH38E2678535_rev_tile1-1
cardiac_neuro_cava_random:REF_CDKN2A|ENSG00000147889.18|EH38E3877969,CDKN2B|ENSG00000147883.12|EH38E3877969_rev_tile1-1
cardiac_neuro_cava_random:REF_CDKN2A|ENSG00000147889.18|EH38E3878003,CDKN2B|ENSG00000147883.12|EH38E3878003_rev_tile1-1
cardiac_neuro_cava_random:REF_PAX5|ENSG00000196092.14|EH38E3882284_rev_tile1-1
cardiac_neuro_cava_random:REF_PAX5|ENSG00000196092.14|EH38E3882354_rev_tile1-1
cardiac_neuro_cava_random:REF_RORB|ENSG00000198963.11|EH38E2697686_fwd_tile1-1
cardiac_neuro_cava_random:REF_NTRK2|ENSG00000148053.18|EH38E2702548_fwd_tile1-1
cardiac_neuro_cava_random:REF_ROR2|ENSG00000169071.15|EH38E3893114_rev_tile1-1
cardiac_neuro_cava_random:REF_ROR2|ENSG00000169071.15|EH38E2707054_rev_tile1-1
cardiac_neuro_cava_random:REF_ROR2|ENSG00000169071.15|EH38E2707115_rev_tile1-1
cardiac_neuro_cava_random:REF_ROR2|ENSG00000169071.15|EH38E2707143_rev_tile1-1
cardiac_neuro_cava_random:REF_ROR2|ENSG00000169071.15|EH38E3893206_rev_tile1-1
cardiac_neuro_cava_random:REF_ROR2|ENSG00000169071.15|EH38E3893218_rev_tile1-1
cardiac_neuro_cava_random:REF_GABBR2|ENSG00000136928.7|EH38E2711505_rev_tile1-1
cardiac_neuro_cava_random:REF_GABBR2|ENSG00000136928.7|EH38E2711508_rev_tile1-1
cardiac_neuro_cava_random:REF_GABBR2|ENSG00000136928.7|EH38E2711511_rev_tile1-1
cardiac_neuro_cava_random:REF_GABBR2|ENSG00000136928.7|EH38E3896960_rev_tile1-1
cardiac_neuro_cava_random:REF_GABBR2|ENSG00000136928.7|EH38E3896979_rev_tile1-1
cardiac_neuro_cava_random:REF_GABBR2|ENSG00000136928.7|EH38E2711544_rev_tile1-1
cardiac_neuro_cava_random:REF_GABBR2|ENSG00000136928.7|EH38E3896994_rev_tile1-1
cardiac_neuro_cava_random:REF_GABBR2|ENSG00000136928.7|EH38E2711615_rev_tile1-1
cardiac_neuro_cava_random:REF_GABBR2|ENSG00000136928.7|EH38E3897094_rev_tile1-1
cardiac_neuro_cava_random:REF_GABBR2|ENSG00000136928.7|EH38E3897107_rev_tile1-1
cardiac_neuro_cava_random:REF_GABBR2|ENSG00000136928.7|EH38E2711693_rev_tile1-1
cardiac_neuro_cava_random:REF_GABBR2|ENSG00000136928.7|EH38E2711757_rev_tile1-1
cardiac_neuro_cava_random:REF_GABBR2|ENSG00000136928.7|EH38E2711785_rev_tile1-1
cardiac_neuro_cava_random:REF_ZNF462|ENSG00000148143.13|EH38E3899572_fwd_tile1-1
cardiac_neuro_cava_random:REF_ZNF462|ENSG00000148143.13|EH38E3899598_fwd_tile1-1
cardiac_neuro_cava_random:REF_KLF4|ENSG00000136826.15|EH38E3899816_rev_tile1-1
cardiac_neuro_cava_random:REF_FRRS1L|ENSG00000260230.5|EH38E3900550_rev_tile1-1
cardiac_neuro_cava_random:REF_SPTAN1|ENSG00000197694.19|EH38E2729701_fwd_tile1-1
cardiac_neuro_cava_random:REF_SPTAN1|ENSG00000197694.19|EH38E2729705_fwd_tile1-1
cardiac_neuro_cava_random:REF_DOLK|ENSG00000175283.8|EH38E3911453_rev_tile1-1
cardiac_neuro_cava_random:REF_DOLK|ENSG00000175283.8|EH38E3911516_rev_tile1-1
cardiac_neuro_cava_random:REF_TSC1|ENSG00000165699.15|EH38E3915374_rev_tile1-1
cardiac_neuro_cava_random:REF_TSC1|ENSG00000165699.15|EH38E3915420_rev_tile1-1
cardiac_neuro_cava_random:REF_KCNT1|ENSG00000107147.14|EH38E3918623_fwd_tile1-1
cardiac_neuro_cava_random:REF_KCNT1|ENSG00000107147.14|EH38E3918791_fwd_tile1-1
cardiac_neuro_cava_random:REF_NOTCH1|ENSG00000148400.13|EH38E3919891_rev_tile1-1
cardiac_neuro_cava_random:REF_EHMT1|ENSG00000181090.21|EH38E2738119_fwd_tile1-1
cardiac_neuro_cava_random:REF_EHMT1|ENSG00000181090.21|EH38E2738232_fwd_tile1-1
cardiac_neuro_cava_random:REF_NLGN4X|ENSG00000146938.16|EH38E2740289_rev_tile1-1
cardiac_neuro_cava_random:REF_OFD1|ENSG00000046651.16|EH38E3925893_fwd_tile1-1
cardiac_neuro_cava_random:REF_OFD1|ENSG00000046651.16|EH38E2743482_fwd_tile1-1
cardiac_neuro_cava_random:REF_PIGA|ENSG00000165195.16|EH38E2743884_rev_tile1-1
cardiac_neuro_cava_random:REF_PTCHD1|ENSG00000165186.12|EH38E2746810_fwd_tile1-1
cardiac_neuro_cava_random:REF_DMD|ENSG00000198947.18|EH38E2748516_rev_tile1-1
cardiac_neuro_cava_random:REF_DMD|ENSG00000198947.18|EH38E3929602_rev_tile1-1
cardiac_neuro_cava_random:REF_DMD|ENSG00000198947.18|EH38E3929613_rev_tile1-1
cardiac_neuro_cava_random:REF_DMD|ENSG00000198947.18|EH38E2748573_rev_tile1-1
cardiac_neuro_cava_random:REF_DMD|ENSG00000198947.18|EH38E2748674_rev_tile1-1
cardiac_neuro_cava_random:REF_DMD|ENSG00000198947.18|EH38E3929758_rev_tile1-1
cardiac_neuro_cava_random:REF_BCOR|ENSG00000183337.18|EH38E3931104_rev_tile1-1
cardiac_neuro_cava_random:REF_BCOR|ENSG00000183337.18|EH38E3931292_rev_tile1-1
cardiac_neuro_cava_random:REF_CASK|ENSG00000147044.23|EH38E2751689_rev_tile1-1
cardiac_neuro_cava_random:REF_SYN1|ENSG00000008056.14|EH38E3933461_rev_tile1-1
cardiac_neuro_cava_random:REF_SYN1|ENSG00000008056.14|EH38E3933466_rev_tile1-1
cardiac_neuro_cava_random:REF_IQSEC2|ENSG00000124313.18|EH38E3934896,SMC1A|ENSG00000072501.19|EH38E3934896_rev_tile1-1
cardiac_neuro_cava_random:REF_NLGN3|ENSG00000196338.15|EH38E3937029_fwd_tile1-1
cardiac_neuro_cava_random:REF_NLGN3|ENSG00000196338.15|EH38E2757996_fwd_tile1-1
cardiac_neuro_cava_random:REF_HNRNPH2|ENSG00000126945.9|EH38E3939813_fwd_tile1-1
cardiac_neuro_cava_random:REF_UPF3B|ENSG00000125351.14|EH38E3943196_rev_tile1-1
cardiac_neuro_cava_random:REF_SLC9A6|ENSG00000198689.13|EH38E2770369_fwd_tile1-1
cardiac_neuro_cava_random:REF_SLC9A6|ENSG00000198689.13|EH38E3946126_fwd_tile1-1
cardiac_neuro_cava_random:REF_SLC9A6|ENSG00000198689.13|EH38E3946131_fwd_tile1-1
cardiac_neuro_cava_random:REF_SLC9A6|ENSG00000198689.13|EH38E3946136_fwd_tile1-1
cardiac_neuro_cava_random:REF_FGF13|ENSG00000129682.16|EH38E3946661_rev_tile1-1
cardiac_neuro_cava_random:REF_FGF13|ENSG00000129682.16|EH38E2771139_rev_tile1-1
cardiac_neuro_cava_random:REF_FGF13|ENSG00000129682.16|EH38E2771192_rev_tile1-1
cardiac_neuro_cava_random:REF_FGF13|ENSG00000129682.16|EH38E3946697_rev_tile1-1
cardiac_neuro_cava_random:REF_FGF13|ENSG00000129682.16|EH38E2771214_rev_tile1-1
cardiac_neuro_cava_random:REF_FMR1|ENSG00000102081.16|EH38E3947370_fwd_tile1-1
cardiac_neuro_cava_random:REF_AFF2|ENSG00000155966.14|EH38E2772272_fwd_tile1-1
cardiac_neuro_cava_random:REF_MECP2|ENSG00000169057.25|EH38E2774032_rev_tile1-1
cardiac_neuro_cava_random:REF_MECP2|ENSG00000169057.25|EH38E3949328_rev_tile1-1
cardiac_neuro_cava_random:REF_MECP2|ENSG00000169057.25|EH38E3949409_rev_tile1-1
cardiac_neuro_cava_random:REF_FLNA|ENSG00000196924.19|EH38E3949479_rev_tile1-1
cardiac_neuro_cava_random:REF_FLNA|ENSG00000196924.19|EH38E3949480_rev_tile1-1
